,time,2dmu,2dmv
0,0.0,0.4920000000000001,0.476
1,0.0,0.4920000000000001,0.476
2,0.0,0.4920000000000001,0.476
3,0.0,0.4920000000000001,0.476
4,0.0,0.4920000000000001,0.476
5,0.0,0.4920000000000001,0.476
6,0.0,0.4920000000000001,0.475
7,0.0,0.4920000000000001,0.475
8,0.0,0.4920000000000001,0.475
9,0.0,0.4920000000000001,0.475
10,0.0,0.4920000000000001,0.475
11,0.0,0.4920000000000001,0.475
12,0.0,0.4920000000000001,0.474
13,0.0,0.4920000000000001,0.474
14,0.0,0.4920000000000001,0.474
15,0.0,0.4920000000000001,0.474
16,0.0,0.491,0.474
17,0.0,0.491,0.474
18,0.0,0.491,0.474
19,0.0,0.491,0.474
20,0.0,0.491,0.473
21,0.0,0.491,0.473
22,0.0,0.491,0.473
23,0.0,0.491,0.473
24,0.0,0.491,0.473
25,0.0,0.491,0.473
26,0.0,0.49,0.472
27,0.0,0.49,0.472
28,0.0,0.49,0.472
29,0.0,0.49,0.472
30,0.0,0.49,0.472
31,0.0,0.49,0.472
32,0.0,0.49,0.472
33,0.0,0.49,0.472
34,0.0,0.49,0.471
35,0.0,0.49,0.471
36,0.0,0.49,0.471
37,0.0,0.49,0.471
38,0.0,0.49,0.471
39,0.0,0.49,0.471
40,0.0,0.49,0.471
41,0.0,0.49,0.471
42,0.0,0.489,0.471
43,0.0,0.489,0.471
44,0.0,0.489,0.471
45,0.0,0.489,0.471
46,0.0,0.489,0.471
47,0.0,0.489,0.471
48,0.04,0.489,0.471
49,0.04,0.489,0.471
50,0.04,0.489,0.471
51,0.04,0.489,0.471
52,0.08,0.489,0.471
53,0.08,0.489,0.471
54,0.08,0.489,0.471
55,0.08,0.489,0.471
56,0.08,0.489,0.471
57,0.08,0.489,0.471
58,0.12,0.489,0.471
59,0.12,0.489,0.471
60,0.12,0.489,0.471
61,0.12,0.489,0.471
62,0.161,0.489,0.471
63,0.161,0.489,0.471
64,0.161,0.489,0.471
65,0.161,0.489,0.471
66,0.161,0.489,0.471
67,0.161,0.489,0.471
68,0.202,0.489,0.471
69,0.202,0.489,0.471
70,0.202,0.489,0.471
71,0.202,0.489,0.471
72,0.244,0.489,0.471
73,0.244,0.489,0.471
74,0.244,0.489,0.471
75,0.244,0.489,0.471
76,0.244,0.489,0.471
77,0.244,0.489,0.471
78,0.285,0.489,0.471
79,0.285,0.489,0.471
80,0.285,0.489,0.471
81,0.285,0.489,0.471
82,0.325,0.489,0.471
83,0.325,0.489,0.471
84,0.325,0.489,0.471
85,0.325,0.489,0.471
86,0.365,0.489,0.471
87,0.365,0.489,0.471
88,0.365,0.488,0.47
89,0.365,0.488,0.47
90,0.365,0.488,0.47
91,0.365,0.488,0.47
92,0.405,0.488,0.47
93,0.405,0.488,0.47
94,0.405,0.488,0.47
95,0.405,0.488,0.47
96,0.445,0.488,0.47
97,0.445,0.488,0.47
98,0.445,0.488,0.47
99,0.445,0.488,0.47
100,0.445,0.487,0.47
101,0.445,0.487,0.47
102,0.485,0.487,0.469
103,0.485,0.487,0.469
104,0.485,0.487,0.469
105,0.485,0.487,0.469
106,0.525,0.487,0.469
107,0.525,0.487,0.469
108,0.525,0.486,0.469
109,0.525,0.486,0.469
110,0.525,0.486,0.469
111,0.525,0.486,0.469
112,0.5660000000000001,0.486,0.469
113,0.5660000000000001,0.486,0.469
114,0.5660000000000001,0.486,0.469
115,0.5660000000000001,0.486,0.469
116,0.607,0.485,0.469
117,0.607,0.485,0.469
118,0.607,0.485,0.469
119,0.607,0.485,0.469
120,0.648,0.485,0.469
121,0.648,0.485,0.469
122,0.648,0.485,0.469
123,0.648,0.485,0.469
124,0.648,0.485,0.469
125,0.648,0.485,0.469
126,0.688,0.485,0.468
127,0.688,0.485,0.468
128,0.688,0.484,0.468
129,0.688,0.484,0.468
130,0.73,0.484,0.468
131,0.73,0.484,0.468
132,0.73,0.484,0.468
133,0.73,0.484,0.468
134,0.73,0.484,0.468
135,0.73,0.484,0.468
136,0.77,0.484,0.468
137,0.77,0.484,0.468
138,0.77,0.484,0.468
139,0.77,0.484,0.468
140,0.812,0.484,0.468
141,0.812,0.484,0.468
142,0.812,0.484,0.468
143,0.812,0.484,0.468
144,0.812,0.484,0.468
145,0.812,0.484,0.468
146,0.853,0.484,0.468
147,0.853,0.484,0.468
148,0.853,0.484,0.467
149,0.853,0.484,0.467
150,0.894,0.484,0.467
151,0.894,0.484,0.467
152,0.894,0.484,0.467
153,0.894,0.484,0.467
154,0.894,0.484,0.467
155,0.894,0.484,0.467
156,0.935,0.484,0.467
157,0.935,0.484,0.467
158,0.935,0.484,0.467
159,0.935,0.484,0.467
160,0.975,0.484,0.467
161,0.975,0.484,0.467
162,0.975,0.484,0.467
163,0.975,0.484,0.467
164,0.975,0.484,0.467
165,0.975,0.484,0.467
166,1.016,0.484,0.467
167,1.016,0.484,0.467
168,1.016,0.484,0.466
169,1.016,0.484,0.466
170,1.056,0.484,0.466
171,1.056,0.484,0.466
172,1.056,0.484,0.466
173,1.056,0.484,0.466
174,1.097,0.484,0.466
175,1.097,0.484,0.466
176,1.097,0.484,0.466
177,1.097,0.484,0.466
178,1.097,0.484,0.466
179,1.097,0.484,0.466
180,1.136,0.484,0.466
181,1.136,0.484,0.466
182,1.136,0.484,0.466
183,1.136,0.484,0.466
184,1.176,0.484,0.466
185,1.176,0.484,0.466
186,1.176,0.484,0.466
187,1.176,0.484,0.466
188,1.176,0.484,0.466
189,1.216,0.484,0.466
190,1.216,0.484,0.466
191,1.176,0.484,0.466
192,1.216,0.484,0.466
193,1.216,0.484,0.466
194,1.257,0.485,0.466
195,1.257,0.485,0.466
196,1.257,0.485,0.466
197,1.257,0.485,0.466
198,1.297,0.485,0.466
199,1.297,0.485,0.466
200,1.297,0.485,0.466
201,1.297,0.485,0.466
202,1.297,0.485,0.466
203,1.297,0.485,0.466
204,1.337,0.486,0.465
205,1.337,0.486,0.465
206,1.337,0.486,0.465
207,1.337,0.486,0.465
208,1.3769999999999998,0.487,0.465
209,1.3769999999999998,0.487,0.465
210,1.3769999999999998,0.487,0.465
211,1.3769999999999998,0.487,0.465
212,1.3769999999999998,0.487,0.465
213,1.418,0.488,0.465
214,1.3769999999999998,0.487,0.465
215,1.418,0.488,0.465
216,1.418,0.488,0.464
217,1.418,0.488,0.464
218,1.46,0.489,0.464
219,1.46,0.489,0.464
220,1.46,0.489,0.464
221,1.46,0.489,0.464
222,1.46,0.489,0.464
223,1.46,0.489,0.464
224,1.499,0.49,0.464
225,1.499,0.49,0.464
226,1.499,0.491,0.464
227,1.499,0.491,0.464
228,1.539,0.4920000000000001,0.464
229,1.539,0.4920000000000001,0.464
230,1.539,0.4920000000000001,0.463
231,1.539,0.4920000000000001,0.463
232,1.58,0.493,0.463
233,1.58,0.493,0.463
234,1.58,0.494,0.463
235,1.58,0.494,0.463
236,1.58,0.495,0.463
237,1.58,0.495,0.463
238,1.62,0.495,0.463
239,1.62,0.495,0.463
240,1.62,0.495,0.463
241,1.62,0.495,0.463
242,1.66,0.496,0.463
243,1.66,0.496,0.463
244,1.66,0.496,0.463
245,1.66,0.496,0.463
246,1.66,0.4970000000000001,0.462
247,1.66,0.4970000000000001,0.462
248,1.7,0.4970000000000001,0.462
249,1.7,0.4970000000000001,0.462
250,1.7,0.498,0.462
251,1.7,0.498,0.462
252,1.74,0.498,0.462
253,1.74,0.498,0.462
254,1.74,0.499,0.462
255,1.74,0.499,0.462
256,1.74,0.499,0.462
257,1.74,0.499,0.462
258,1.7819999999999998,0.499,0.462
259,1.7819999999999998,0.499,0.462
260,1.7819999999999998,0.5,0.462
261,1.7819999999999998,0.5,0.462
262,1.822,0.5,0.462
263,1.822,0.5,0.462
264,1.822,0.501,0.462
265,1.822,0.501,0.462
266,1.863,0.501,0.462
267,1.863,0.501,0.462
268,1.863,0.501,0.462
269,1.863,0.501,0.462
270,1.863,0.502,0.462
271,1.863,0.502,0.462
272,1.904,0.502,0.463
273,1.904,0.502,0.463
274,1.904,0.503,0.463
275,1.904,0.503,0.463
276,1.945,0.503,0.463
277,1.945,0.503,0.463
278,1.945,0.503,0.463
279,1.945,0.503,0.463
280,1.945,0.504,0.463
281,1.945,0.504,0.463
282,1.985,0.505,0.463
283,1.985,0.505,0.463
284,1.985,0.505,0.463
285,1.985,0.505,0.463
286,2.026,0.506,0.463
287,2.026,0.506,0.463
288,2.026,0.506,0.463
289,2.026,0.506,0.463
290,2.026,0.507,0.463
291,2.026,0.507,0.463
292,2.066,0.507,0.462
293,2.066,0.507,0.462
294,2.066,0.508,0.461
295,2.066,0.508,0.461
296,2.107,0.508,0.461
297,2.107,0.508,0.461
298,2.107,0.508,0.46
299,2.107,0.508,0.46
300,2.147,0.509,0.459
301,2.147,0.509,0.459
302,2.147,0.51,0.458
303,2.147,0.51,0.458
304,2.147,0.51,0.458
305,2.147,0.51,0.458
306,2.187,0.51,0.458
307,2.187,0.51,0.458
308,2.187,0.511,0.457
309,2.187,0.511,0.457
310,2.228,0.512,0.456
311,2.228,0.512,0.456
312,2.228,0.513,0.455
313,2.228,0.513,0.455
314,2.228,0.514,0.455
315,2.228,0.514,0.455
316,2.269,0.516,0.455
317,2.269,0.516,0.455
318,2.269,0.516,0.455
319,2.269,0.516,0.455
320,2.3080000000000003,0.517,0.454
321,2.3080000000000003,0.518,0.455
322,2.3080000000000003,0.517,0.454
323,2.3080000000000003,0.518,0.455
324,2.3080000000000003,0.519,0.455
325,2.3080000000000003,0.519,0.455
326,2.349,0.519,0.455
327,2.349,0.519,0.455
328,2.349,0.52,0.455
329,2.349,0.52,0.455
330,2.39,0.521,0.455
331,2.39,0.522,0.455
332,2.39,0.521,0.455
333,2.39,0.522,0.455
334,2.39,0.523,0.455
335,2.39,0.523,0.455
336,2.432,0.523,0.455
337,2.432,0.523,0.455
338,2.432,0.524,0.455
339,2.432,0.524,0.455
340,2.4730000000000003,0.526,0.455
341,2.4730000000000003,0.526,0.455
342,2.4730000000000003,0.528,0.456
343,2.4730000000000003,0.528,0.456
344,2.513,0.528,0.456
345,2.513,0.528,0.456
346,2.513,0.529,0.455
347,2.513,0.529,0.455
348,2.513,0.531,0.456
349,2.513,0.531,0.456
350,2.5540000000000003,0.531,0.456
351,2.5540000000000003,0.531,0.456
352,2.5540000000000003,0.5329999999999999,0.456
353,2.5540000000000003,0.5329999999999999,0.456
354,2.594,0.5329999999999999,0.456
355,2.594,0.535,0.456
356,2.594,0.535,0.456
357,2.594,0.5329999999999999,0.456
358,2.594,0.537,0.456
359,2.594,0.537,0.456
360,2.634,0.539,0.456
361,2.634,0.539,0.456
362,2.634,0.541,0.456
363,2.634,0.541,0.456
364,2.675,0.541,0.456
365,2.675,0.541,0.456
366,2.675,0.5429999999999999,0.456
367,2.675,0.5429999999999999,0.456
368,2.675,0.546,0.455
369,2.675,0.546,0.455
370,2.715,0.5479999999999999,0.455
371,2.715,0.5479999999999999,0.455
372,2.715,0.5529999999999999,0.454
373,2.715,0.5529999999999999,0.454
374,2.755,0.5589999999999999,0.454
375,2.755,0.5589999999999999,0.454
376,2.755,0.5589999999999999,0.454
377,2.755,0.5589999999999999,0.454
378,2.7960000000000003,0.5670000000000001,0.453
379,2.7960000000000003,0.5670000000000001,0.453
380,2.7960000000000003,0.5760000000000001,0.452
381,2.7960000000000003,0.5760000000000001,0.452
382,2.7960000000000003,0.5870000000000001,0.451
383,2.7960000000000003,0.5870000000000001,0.451
384,2.835,0.5870000000000001,0.451
385,2.835,0.5870000000000001,0.451
386,2.835,0.599,0.451
387,2.835,0.599,0.451
388,2.8760000000000003,0.611,0.45
389,2.8760000000000003,0.611,0.45
390,2.8760000000000003,0.623,0.449
391,2.8760000000000003,0.623,0.449
392,2.8760000000000003,0.623,0.449
393,2.8760000000000003,0.623,0.449
394,2.9160000000000004,0.623,0.449
395,2.9160000000000004,0.623,0.449
396,2.9160000000000004,0.635,0.448
397,2.9160000000000004,0.635,0.448
398,2.9560000000000004,0.6459999999999999,0.448
399,2.9560000000000004,0.6459999999999999,0.448
400,2.9560000000000004,0.655,0.449
401,2.9560000000000004,0.655,0.449
402,2.9960000000000004,0.6629999999999999,0.45
403,2.9960000000000004,0.6629999999999999,0.45
404,2.9960000000000004,0.6629999999999999,0.45
405,2.9960000000000004,0.6629999999999999,0.45
406,2.9960000000000004,0.67,0.452
407,2.9960000000000004,0.67,0.452
408,3.037,0.6759999999999999,0.454
409,3.037,0.6759999999999999,0.454
410,3.037,0.68,0.455
411,3.037,0.68,0.455
412,3.077,0.6829999999999999,0.457
413,3.077,0.6829999999999999,0.457
414,3.077,0.6829999999999999,0.457
415,3.077,0.6829999999999999,0.457
416,3.077,0.685,0.457
417,3.077,0.685,0.457
418,3.117,0.6859999999999999,0.458
419,3.117,0.6859999999999999,0.458
420,3.117,0.687,0.457
421,3.117,0.687,0.457
422,3.157,0.687,0.457
423,3.157,0.687,0.457
424,3.157,0.687,0.457
425,3.157,0.687,0.457
426,3.197,0.6859999999999999,0.456
427,3.197,0.6859999999999999,0.456
428,3.197,0.6859999999999999,0.456
429,3.197,0.6859999999999999,0.456
430,3.197,0.685,0.455
431,3.197,0.685,0.455
432,3.236,0.685,0.455
433,3.236,0.685,0.455
434,3.236,0.685,0.454
435,3.236,0.685,0.454
436,3.277,0.684,0.453
437,3.277,0.684,0.453
438,3.277,0.684,0.452
439,3.277,0.684,0.452
440,3.277,0.6829999999999999,0.452
441,3.277,0.6829999999999999,0.452
442,3.317,0.6829999999999999,0.452
443,3.317,0.6829999999999999,0.452
444,3.317,0.6829999999999999,0.451
445,3.317,0.6829999999999999,0.451
446,3.357,0.682,0.451
447,3.357,0.682,0.451
448,3.357,0.6809999999999999,0.45
449,3.357,0.6809999999999999,0.45
450,3.357,0.68,0.449
451,3.357,0.68,0.449
452,3.398,0.68,0.449
453,3.398,0.68,0.449
454,3.398,0.6779999999999999,0.449
455,3.398,0.6779999999999999,0.449
456,3.438,0.677,0.448
457,3.438,0.677,0.448
458,3.438,0.675,0.446
459,3.438,0.675,0.446
460,3.479,0.6729999999999999,0.446
461,3.479,0.6729999999999999,0.446
462,3.479,0.6729999999999999,0.446
463,3.479,0.6729999999999999,0.446
464,3.479,0.672,0.444
465,3.479,0.672,0.444
466,3.519,0.67,0.443
467,3.519,0.67,0.443
468,3.519,0.6679999999999999,0.441
469,3.519,0.6679999999999999,0.441
470,3.559,0.6659999999999999,0.439
471,3.559,0.6659999999999999,0.439
472,3.559,0.6659999999999999,0.439
473,3.559,0.6629999999999999,0.435
474,3.559,0.6659999999999999,0.439
475,3.559,0.6629999999999999,0.435
476,3.599,0.659,0.431
477,3.599,0.659,0.431
478,3.599,0.655,0.425
479,3.599,0.655,0.425
480,3.64,0.655,0.425
481,3.64,0.655,0.425
482,3.64,0.6509999999999999,0.418
483,3.64,0.6509999999999999,0.418
484,3.64,0.645,0.41
485,3.64,0.645,0.41
486,3.68,0.638,0.399
487,3.68,0.638,0.399
488,3.68,0.637,0.397
489,3.68,0.637,0.397
490,3.72,0.637,0.397
491,3.72,0.637,0.397
492,3.72,0.63,0.388
493,3.72,0.63,0.388
494,3.761,0.624,0.381
495,3.761,0.624,0.381
496,3.761,0.617,0.376
497,3.761,0.617,0.376
498,3.761,0.61,0.371
499,3.802,0.61,0.371
500,3.761,0.61,0.371
501,3.802,0.61,0.371
502,3.802,0.602,0.3670000000000001
503,3.802,0.602,0.3670000000000001
504,3.843,0.595,0.365
505,3.843,0.595,0.365
506,3.843,0.5870000000000001,0.363
507,3.843,0.5870000000000001,0.363
508,3.843,0.579,0.362
509,3.843,0.579,0.362
510,3.884,0.579,0.362
511,3.884,0.579,0.362
512,3.884,0.5720000000000001,0.361
513,3.884,0.5720000000000001,0.361
514,3.924,0.565,0.362
515,3.924,0.565,0.362
516,3.924,0.5579999999999999,0.362
517,3.924,0.5579999999999999,0.362
518,3.924,0.551,0.362
519,3.924,0.551,0.362
520,3.965,0.551,0.362
521,3.965,0.551,0.362
522,3.965,0.545,0.364
523,3.965,0.545,0.364
524,4.006,0.539,0.366
525,4.006,0.539,0.366
526,4.006,0.5329999999999999,0.369
527,4.006,0.5329999999999999,0.369
528,4.046,0.5329999999999999,0.369
529,4.046,0.5329999999999999,0.369
530,4.046,0.527,0.373
531,4.046,0.527,0.373
532,4.046,0.52,0.376
533,4.086,0.521,0.376
534,4.046,0.52,0.376
535,4.086,0.516,0.379
536,4.086,0.516,0.379
537,4.086,0.521,0.376
538,4.127,0.516,0.379
539,4.127,0.516,0.379
540,4.127,0.512,0.382
541,4.127,0.512,0.382
542,4.127,0.507,0.385
543,4.127,0.507,0.385
544,4.168,0.504,0.387
545,4.168,0.504,0.387
546,4.168,0.5,0.389
547,4.168,0.5,0.389
548,4.209,0.5,0.389
549,4.209,0.5,0.389
550,4.209,0.496,0.391
551,4.209,0.496,0.391
552,4.209,0.493,0.393
553,4.209,0.493,0.393
554,4.25,0.49,0.394
555,4.25,0.49,0.394
556,4.25,0.488,0.397
557,4.25,0.488,0.397
558,4.29,0.488,0.397
559,4.29,0.488,0.397
560,4.29,0.485,0.398
561,4.29,0.485,0.398
562,4.29,0.482,0.401
563,4.29,0.482,0.401
564,4.33,0.48,0.403
565,4.33,0.48,0.403
566,4.33,0.478,0.405
567,4.33,0.478,0.405
568,4.371,0.478,0.405
569,4.371,0.478,0.405
570,4.371,0.476,0.406
571,4.371,0.476,0.406
572,4.4110000000000005,0.475,0.408
573,4.4110000000000005,0.475,0.408
574,4.4110000000000005,0.474,0.41
575,4.4110000000000005,0.474,0.41
576,4.4110000000000005,0.474,0.41
577,4.4110000000000005,0.474,0.41
578,4.4510000000000005,0.473,0.412
579,4.4510000000000005,0.473,0.412
580,4.4510000000000005,0.472,0.413
581,4.4510000000000005,0.472,0.413
582,4.4910000000000005,0.472,0.413
583,4.4910000000000005,0.472,0.413
584,4.4910000000000005,0.472,0.415
585,4.4910000000000005,0.472,0.415
586,4.4910000000000005,0.472,0.415
587,4.4910000000000005,0.472,0.415
588,4.532,0.471,0.416
589,4.532,0.471,0.416
590,4.532,0.471,0.417
591,4.532,0.471,0.417
592,4.572,0.47,0.419
593,4.572,0.47,0.419
594,4.572,0.469,0.42
595,4.572,0.469,0.42
596,4.612,0.469,0.42
597,4.612,0.469,0.42
598,4.612,0.469,0.422
599,4.612,0.469,0.422
600,4.612,0.468,0.423
601,4.612,0.468,0.423
602,4.652,0.468,0.425
603,4.652,0.468,0.425
604,4.652,0.467,0.426
605,4.652,0.467,0.426
606,4.692,0.467,0.426
607,4.692,0.467,0.426
608,4.692,0.466,0.428
609,4.692,0.466,0.428
610,4.692,0.466,0.43
611,4.692,0.466,0.43
612,4.732,0.465,0.4320000000000001
613,4.732,0.465,0.4320000000000001
614,4.732,0.464,0.434
615,4.732,0.464,0.434
616,4.772,0.464,0.434
617,4.772,0.464,0.434
618,4.772,0.463,0.435
619,4.772,0.463,0.435
620,4.812,0.462,0.436
621,4.812,0.462,0.436
622,4.812,0.461,0.4370000000000001
623,4.812,0.461,0.4370000000000001
624,4.812,0.461,0.4370000000000001
625,4.812,0.461,0.4370000000000001
626,4.852,0.46,0.439
627,4.852,0.46,0.439
628,4.852,0.459,0.439
629,4.852,0.459,0.439
630,4.892,0.459,0.439
631,4.892,0.459,0.439
632,4.892,0.458,0.44
633,4.892,0.458,0.44
634,4.892,0.458,0.44
635,4.892,0.458,0.44
636,4.932,0.457,0.44
637,4.932,0.457,0.44
638,4.932,0.456,0.44
639,4.932,0.456,0.44
640,4.972,0.455,0.441
641,4.972,0.455,0.441
642,4.972,0.453,0.441
643,4.972,0.453,0.441
644,5.012,0.453,0.441
645,5.012,0.453,0.441
646,5.012,0.452,0.442
647,5.012,0.452,0.442
648,5.012,0.451,0.442
649,5.012,0.451,0.442
650,5.053,0.45,0.442
651,5.053,0.45,0.442
652,5.053,0.449,0.443
653,5.093,0.449,0.443
654,5.053,0.449,0.443
655,5.093,0.449,0.443
656,5.093,0.447,0.444
657,5.093,0.447,0.444
658,5.093,0.445,0.444
659,5.093,0.445,0.444
660,5.132999999999999,0.443,0.445
661,5.132999999999999,0.443,0.445
662,5.132999999999999,0.443,0.445
663,5.132999999999999,0.443,0.445
664,5.1770000000000005,0.441,0.445
665,5.1770000000000005,0.441,0.445
666,5.1770000000000005,0.439,0.446
667,5.1770000000000005,0.439,0.446
668,5.1770000000000005,0.436,0.447
669,5.1770000000000005,0.436,0.447
670,5.218,0.4320000000000001,0.447
671,5.218,0.4320000000000001,0.447
672,5.218,0.4320000000000001,0.447
673,5.218,0.4320000000000001,0.447
674,5.259,0.428,0.448
675,5.259,0.428,0.448
676,5.259,0.423,0.45
677,5.259,0.423,0.45
678,5.259,0.416,0.451
679,5.259,0.416,0.451
680,5.299,0.416,0.451
681,5.299,0.416,0.451
682,5.299,0.41,0.451
683,5.299,0.41,0.451
684,5.339,0.409,0.451
685,5.339,0.409,0.451
686,5.339,0.404,0.452
687,5.339,0.404,0.452
688,5.38,0.398,0.453
689,5.38,0.398,0.453
690,5.38,0.398,0.453
691,5.38,0.398,0.453
692,5.38,0.392,0.454
693,5.38,0.392,0.454
694,5.42,0.387,0.454
695,5.42,0.387,0.454
696,5.42,0.383,0.455
697,5.42,0.383,0.455
698,5.461,0.378,0.455
699,5.461,0.378,0.455
700,5.461,0.378,0.455
701,5.461,0.378,0.455
702,5.461,0.374,0.456
703,5.461,0.374,0.456
704,5.5,0.371,0.457
705,5.5,0.371,0.457
706,5.5,0.368,0.456
707,5.5,0.368,0.456
708,5.542000000000002,0.366,0.456
709,5.542000000000002,0.366,0.456
710,5.542000000000002,0.366,0.456
711,5.542000000000002,0.366,0.456
712,5.542000000000002,0.364,0.456
713,5.542000000000002,0.364,0.456
714,5.582999999999998,0.362,0.456
715,5.582999999999998,0.362,0.456
716,5.582999999999998,0.36,0.455
717,5.582999999999998,0.36,0.455
718,5.622999999999998,0.36,0.455
719,5.622999999999998,0.36,0.455
720,5.622999999999998,0.359,0.455
721,5.622999999999998,0.359,0.455
722,5.622999999999998,0.35700000000000004,0.454
723,5.622999999999998,0.35700000000000004,0.454
724,5.665,0.35600000000000004,0.454
725,5.665,0.35600000000000004,0.454
726,5.665,0.355,0.453
727,5.665,0.355,0.453
728,5.705,0.355,0.453
729,5.705,0.355,0.453
730,5.705,0.354,0.452
731,5.705,0.354,0.452
732,5.745,0.353,0.451
733,5.745,0.353,0.451
734,5.745,0.35200000000000004,0.45
735,5.745,0.35200000000000004,0.45
736,5.745,0.35200000000000004,0.45
737,5.745,0.35200000000000004,0.45
738,5.7860000000000005,0.35100000000000003,0.448
739,5.7860000000000005,0.35100000000000003,0.448
740,5.7860000000000005,0.35200000000000004,0.448
741,5.7860000000000005,0.35200000000000004,0.448
742,5.827000000000001,0.35,0.447
743,5.827000000000001,0.35,0.447
744,5.827000000000001,0.35,0.445
745,5.827000000000001,0.35,0.445
746,5.827000000000001,0.35,0.445
747,5.8679999999999986,0.349,0.443
748,5.827000000000001,0.35,0.445
749,5.8679999999999986,0.349,0.443
750,5.8679999999999986,0.348,0.442
751,5.8679999999999986,0.348,0.442
752,5.909,0.34700000000000003,0.44
753,5.909,0.34700000000000003,0.44
754,5.909,0.34600000000000003,0.439
755,5.909,0.34600000000000003,0.439
756,5.909,0.34600000000000003,0.439
757,5.909,0.34600000000000003,0.439
758,5.949,0.345,0.439
759,5.949,0.345,0.439
760,5.949,0.344,0.438
761,5.949,0.344,0.438
762,5.989,0.344,0.4370000000000001
763,5.989,0.344,0.4370000000000001
764,5.989,0.344,0.4370000000000001
765,5.989,0.344,0.4370000000000001
766,6.028,0.344,0.436
767,6.028,0.343,0.436
768,6.028,0.343,0.436
769,6.028,0.344,0.436
770,6.028,0.343,0.436
771,6.028,0.343,0.436
772,6.068,0.343,0.436
773,6.068,0.343,0.436
774,6.068,0.342,0.435
775,6.068,0.342,0.435
776,6.109,0.342,0.435
777,6.109,0.342,0.435
778,6.109,0.342,0.435
779,6.109,0.342,0.435
780,6.109,0.341,0.435
781,6.109,0.341,0.435
782,6.149,0.341,0.435
783,6.149,0.341,0.435
784,6.149,0.341,0.435
785,6.149,0.341,0.435
786,6.19,0.34,0.435
787,6.19,0.34,0.435
788,6.19,0.34,0.435
789,6.19,0.34,0.435
790,6.19,0.34,0.434
791,6.19,0.34,0.434
792,6.231,0.339,0.434
793,6.231,0.339,0.434
794,6.231,0.339,0.433
795,6.231,0.339,0.433
796,6.272,0.338,0.431
797,6.272,0.338,0.431
798,6.272,0.338,0.431
799,6.272,0.338,0.431
800,6.272,0.338,0.43
801,6.272,0.338,0.43
802,6.313,0.338,0.428
803,6.313,0.338,0.428
804,6.313,0.338,0.4270000000000001
805,6.313,0.338,0.4270000000000001
806,6.353,0.338,0.4270000000000001
807,6.353,0.338,0.4270000000000001
808,6.353,0.338,0.4270000000000001
809,6.353,0.338,0.4270000000000001
810,6.392,0.338,0.426
811,6.392,0.338,0.426
812,6.392,0.338,0.425
813,6.392,0.338,0.425
814,6.392,0.338,0.425
815,6.392,0.338,0.425
816,6.433,0.339,0.424
817,6.433,0.339,0.424
818,6.433,0.339,0.423
819,6.433,0.339,0.423
820,6.473,0.339,0.423
821,6.473,0.339,0.423
822,6.473,0.34,0.423
823,6.473,0.34,0.423
824,6.473,0.34,0.423
825,6.473,0.34,0.423
826,6.513,0.342,0.423
827,6.513,0.342,0.423
828,6.513,0.345,0.422
829,6.513,0.345,0.422
830,6.553,0.34600000000000003,0.422
831,6.553,0.34600000000000003,0.422
832,6.553,0.35,0.423
833,6.553,0.35,0.423
834,6.5920000000000005,0.353,0.424
835,6.5920000000000005,0.353,0.424
836,6.5920000000000005,0.353,0.424
837,6.5920000000000005,0.353,0.424
838,6.5920000000000005,0.358,0.425
839,6.5920000000000005,0.358,0.425
840,6.6320000000000014,0.363,0.4270000000000001
841,6.6320000000000014,0.363,0.4270000000000001
842,6.6320000000000014,0.369,0.429
843,6.6320000000000014,0.369,0.429
844,6.672999999999999,0.374,0.433
845,6.672999999999999,0.374,0.433
846,6.672999999999999,0.374,0.433
847,6.672999999999999,0.374,0.433
848,6.672999999999999,0.38,0.438
849,6.672999999999999,0.38,0.438
850,6.712999999999999,0.386,0.445
851,6.712999999999999,0.386,0.445
852,6.712999999999999,0.391,0.451
853,6.712999999999999,0.391,0.451
854,6.754,0.391,0.451
855,6.754,0.391,0.451
856,6.754,0.396,0.455
857,6.754,0.396,0.455
858,6.795,0.401,0.458
859,6.795,0.401,0.458
860,6.795,0.405,0.461
861,6.795,0.405,0.461
862,6.795,0.408,0.462
863,6.795,0.408,0.462
864,6.835,0.408,0.462
865,6.835,0.408,0.462
866,6.835,0.408,0.462
867,6.835,0.408,0.462
868,6.875,0.411,0.463
869,6.875,0.411,0.463
870,6.875,0.415,0.464
871,6.875,0.415,0.464
872,6.875,0.417,0.464
873,6.875,0.417,0.464
874,6.916,0.417,0.464
875,6.916,0.417,0.464
876,6.916,0.42,0.465
877,6.916,0.42,0.465
878,6.956,0.423,0.465
879,6.956,0.426,0.466
880,6.956,0.423,0.465
881,6.956,0.426,0.466
882,6.956,0.429,0.467
883,6.956,0.429,0.467
884,6.997000000000001,0.429,0.467
885,6.997000000000001,0.429,0.467
886,6.997000000000001,0.433,0.468
887,6.997000000000001,0.433,0.468
888,7.037000000000001,0.436,0.468
889,7.037000000000001,0.436,0.468
890,7.037000000000001,0.44,0.47
891,7.037000000000001,0.44,0.47
892,7.077000000000001,0.445,0.471
893,7.077000000000001,0.445,0.471
894,7.077000000000001,0.445,0.471
895,7.077000000000001,0.445,0.471
896,7.077000000000001,0.448,0.471
897,7.077000000000001,0.448,0.471
898,7.117000000000001,0.452,0.471
899,7.117000000000001,0.452,0.471
900,7.117000000000001,0.456,0.472
901,7.117000000000001,0.456,0.472
902,7.157,0.456,0.472
903,7.157,0.456,0.472
904,7.157,0.459,0.472
905,7.157,0.459,0.472
906,7.157,0.462,0.473
907,7.157,0.462,0.473
908,7.198,0.465,0.473
909,7.198,0.465,0.473
910,7.198,0.467,0.473
911,7.198,0.467,0.473
912,7.237999999999999,0.467,0.473
913,7.237999999999999,0.467,0.473
914,7.237999999999999,0.469,0.473
915,7.237999999999999,0.469,0.473
916,7.279,0.471,0.473
917,7.279,0.471,0.473
918,7.279,0.47,0.473
919,7.279,0.47,0.473
920,7.279,0.472,0.473
921,7.279,0.472,0.473
922,7.319,0.473,0.473
923,7.319,0.473,0.473
924,7.319,0.473,0.473
925,7.319,0.473,0.473
926,7.359,0.474,0.472
927,7.359,0.474,0.472
928,7.359,0.475,0.472
929,7.359,0.476,0.471
930,7.359,0.475,0.472
931,7.359,0.476,0.471
932,7.4,0.476,0.47
933,7.4,0.476,0.47
934,7.4,0.476,0.47
935,7.4,0.476,0.47
936,7.441,0.477,0.47
937,7.441,0.477,0.47
938,7.441,0.478,0.469
939,7.441,0.478,0.469
940,7.441,0.478,0.469
941,7.441,0.478,0.469
942,7.482,0.478,0.469
943,7.482,0.478,0.469
944,7.482,0.479,0.467
945,7.482,0.479,0.467
946,7.523,0.48,0.467
947,7.523,0.48,0.467
948,7.523,0.481,0.466
949,7.523,0.481,0.466
950,7.523,0.482,0.465
951,7.523,0.482,0.465
952,7.564,0.482,0.465
953,7.564,0.482,0.465
954,7.564,0.482,0.465
955,7.564,0.482,0.465
956,7.605,0.483,0.465
957,7.605,0.483,0.465
958,7.605,0.484,0.464
959,7.605,0.484,0.464
960,7.645,0.486,0.464
961,7.645,0.486,0.464
962,7.645,0.486,0.463
963,7.645,0.486,0.463
964,7.645,0.487,0.463
965,7.645,0.487,0.463
966,7.685,0.488,0.463
967,7.685,0.488,0.463
968,7.685,0.489,0.462
969,7.685,0.489,0.462
970,7.725,0.489,0.462
971,7.725,0.489,0.462
972,7.725,0.49,0.461
973,7.725,0.49,0.461
974,7.725,0.491,0.461
975,7.725,0.491,0.461
976,7.765,0.4920000000000001,0.46
977,7.765,0.4920000000000001,0.46
978,7.765,0.493,0.459
979,7.765,0.493,0.459
980,7.807,0.494,0.459
981,7.807,0.494,0.459
982,7.807,0.495,0.458
983,7.807,0.495,0.458
984,7.807,0.495,0.457
985,7.807,0.495,0.457
986,7.847,0.4970000000000001,0.456
987,7.847,0.4970000000000001,0.456
988,7.847,0.4970000000000001,0.456
989,7.847,0.4970000000000001,0.456
990,7.888,0.498,0.455
991,7.888,0.498,0.455
992,7.888,0.499,0.454
993,7.888,0.499,0.454
994,7.928,0.501,0.453
995,7.928,0.501,0.453
996,7.928,0.501,0.453
997,7.928,0.501,0.453
998,7.928,0.502,0.452
999,7.928,0.502,0.452
1000,7.968,0.503,0.45
1001,7.968,0.503,0.45
1002,7.968,0.504,0.449
1003,7.968,0.504,0.449
1004,8.009,0.505,0.449
1005,8.009,0.505,0.449
1006,8.009,0.505,0.449
1007,8.009,0.505,0.449
1008,8.009,0.505,0.448
1009,8.009,0.505,0.448
1010,8.049,0.504,0.448
1011,8.049,0.504,0.448
1012,8.049,0.504,0.448
1013,8.049,0.504,0.448
1014,8.09,0.504,0.448
1015,8.09,0.504,0.448
1016,8.09,0.503,0.447
1017,8.09,0.503,0.447
1018,8.09,0.503,0.447
1019,8.09,0.503,0.447
1020,8.13,0.502,0.447
1021,8.13,0.502,0.447
1022,8.13,0.501,0.447
1023,8.13,0.501,0.447
1024,8.17,0.499,0.447
1025,8.17,0.499,0.447
1026,8.17,0.498,0.446
1027,8.17,0.498,0.446
1028,8.21,0.496,0.446
1029,8.21,0.496,0.446
1030,8.21,0.496,0.446
1031,8.21,0.496,0.446
1032,8.21,0.495,0.446
1033,8.21,0.495,0.446
1034,8.251,0.493,0.446
1035,8.251,0.493,0.446
1036,8.251,0.4920000000000001,0.446
1037,8.251,0.4920000000000001,0.446
1038,8.291,0.49,0.446
1039,8.291,0.49,0.446
1040,8.291,0.49,0.446
1041,8.291,0.49,0.446
1042,8.291,0.49,0.446
1043,8.291,0.49,0.446
1044,8.333,0.488,0.446
1045,8.333,0.488,0.446
1046,8.333,0.486,0.447
1047,8.333,0.486,0.447
1048,8.372,0.484,0.448
1049,8.372,0.484,0.448
1050,8.372,0.484,0.448
1051,8.372,0.484,0.448
1052,8.372,0.482,0.449
1053,8.413,0.479,0.449
1054,8.413,0.479,0.449
1055,8.372,0.482,0.449
1056,8.413,0.476,0.45
1057,8.413,0.476,0.45
1058,8.454,0.473,0.451
1059,8.454,0.473,0.451
1060,8.454,0.47,0.452
1061,8.454,0.47,0.452
1062,8.494,0.47,0.452
1063,8.494,0.47,0.452
1064,8.494,0.466,0.452
1065,8.494,0.466,0.452
1066,8.494,0.462,0.452
1067,8.494,0.462,0.452
1068,8.533999999999999,0.458,0.453
1069,8.533999999999999,0.458,0.453
1070,8.533999999999999,0.454,0.453
1071,8.533999999999999,0.454,0.453
1072,8.575,0.454,0.453
1073,8.575,0.454,0.453
1074,8.575,0.453,0.453
1075,8.575,0.448,0.453
1076,8.575,0.448,0.453
1077,8.575,0.453,0.453
1078,8.615,0.443,0.454
1079,8.615,0.438,0.454
1080,8.615,0.443,0.454
1081,8.615,0.438,0.454
1082,8.656,0.4320000000000001,0.456
1083,8.656,0.4320000000000001,0.456
1084,8.656,0.4320000000000001,0.456
1085,8.656,0.4320000000000001,0.456
1086,8.656,0.425,0.456
1087,8.656,0.425,0.456
1088,8.697000000000001,0.418,0.457
1089,8.697000000000001,0.418,0.457
1090,8.697000000000001,0.411,0.458
1091,8.697000000000001,0.411,0.458
1092,8.738,0.404,0.459
1093,8.738,0.404,0.459
1094,8.738,0.404,0.459
1095,8.738,0.404,0.459
1096,8.777999999999999,0.397,0.46
1097,8.777999999999999,0.397,0.46
1098,8.777999999999999,0.39,0.462
1099,8.777999999999999,0.39,0.462
1100,8.777999999999999,0.383,0.462
1101,8.777999999999999,0.383,0.462
1102,8.818999999999997,0.376,0.463
1103,8.818999999999997,0.376,0.463
1104,8.818999999999997,0.376,0.463
1105,8.818999999999997,0.376,0.463
1106,8.86,0.376,0.463
1107,8.86,0.376,0.463
1108,8.86,0.37,0.462
1109,8.86,0.37,0.462
1110,8.86,0.366,0.462
1111,8.86,0.366,0.462
1112,8.899,0.36,0.462
1113,8.899,0.36,0.462
1114,8.899,0.36,0.462
1115,8.899,0.36,0.462
1116,8.939,0.349,0.46
1117,8.939,0.349,0.46
1118,8.939,0.344,0.458
1119,8.939,0.344,0.458
1120,8.939,0.338,0.456
1121,8.939,0.338,0.456
1122,8.98,0.331,0.454
1123,8.98,0.331,0.454
1124,8.98,0.324,0.45
1125,8.98,0.324,0.45
1126,9.02,0.324,0.45
1127,9.02,0.324,0.45
1128,9.02,0.318,0.446
1129,9.02,0.318,0.446
1130,9.061,0.311,0.442
1131,9.061,0.311,0.442
1132,9.061,0.305,0.436
1133,9.061,0.305,0.436
1134,9.061,0.298,0.431
1135,9.061,0.298,0.431
1136,9.102,0.298,0.431
1137,9.102,0.298,0.431
1138,9.102,0.298,0.43
1139,9.102,0.298,0.43
1140,9.142,0.292,0.425
1141,9.142,0.292,0.425
1142,9.142,0.285,0.42
1143,9.142,0.285,0.42
1144,9.142,0.279,0.415
1145,9.142,0.279,0.415
1146,9.183,0.279,0.415
1147,9.183,0.279,0.415
1148,9.183,0.273,0.41
1149,9.183,0.273,0.41
1150,9.223,0.266,0.405
1151,9.223,0.266,0.405
1152,9.223,0.259,0.401
1153,9.223,0.259,0.401
1154,9.223,0.253,0.396
1155,9.223,0.253,0.396
1156,9.264,0.247,0.392
1157,9.264,0.247,0.392
1158,9.264,0.247,0.392
1159,9.264,0.247,0.392
1160,9.303,0.241,0.387
1161,9.303,0.236,0.383
1162,9.303,0.241,0.387
1163,9.303,0.236,0.383
1164,9.343,0.23,0.379
1165,9.343,0.23,0.379
1166,9.343,0.225,0.374
1167,9.343,0.225,0.374
1168,9.343,0.225,0.374
1169,9.343,0.225,0.374
1170,9.384,0.226,0.375
1171,9.384,0.226,0.375
1172,9.384,0.221,0.3720000000000001
1173,9.384,0.221,0.3720000000000001
1174,9.424,0.21600000000000005,0.37
1175,9.424,0.21600000000000005,0.37
1176,9.424,0.212,0.3670000000000001
1177,9.424,0.212,0.3670000000000001
1178,9.424,0.212,0.3670000000000001
1179,9.424,0.212,0.3670000000000001
1180,9.465,0.208,0.365
1181,9.465,0.208,0.365
1182,9.465,0.204,0.363
1183,9.465,0.204,0.363
1184,9.506,0.2,0.362
1185,9.506,0.2,0.362
1186,9.506,0.196,0.36
1187,9.506,0.196,0.36
1188,9.506,0.192,0.359
1189,9.506,0.192,0.359
1190,9.547,0.192,0.359
1191,9.547,0.192,0.359
1192,9.547,0.188,0.35700000000000004
1193,9.547,0.188,0.35700000000000004
1194,9.587,0.184,0.355
1195,9.587,0.184,0.355
1196,9.587,0.18,0.354
1197,9.587,0.18,0.354
1198,9.627,0.177,0.35200000000000004
1199,9.627,0.177,0.35200000000000004
1200,9.627,0.177,0.35200000000000004
1201,9.627,0.177,0.35200000000000004
1202,9.627,0.177,0.35100000000000003
1203,9.627,0.177,0.35100000000000003
1204,9.667,0.174,0.348
1205,9.667,0.174,0.348
1206,9.667,0.171,0.34600000000000003
1207,9.667,0.171,0.34600000000000003
1208,9.707,0.16699999999999998,0.343
1209,9.707,0.16699999999999998,0.343
1210,9.707,0.16699999999999998,0.343
1211,9.707,0.16699999999999998,0.343
1212,9.707,0.16399999999999998,0.341
1213,9.707,0.16399999999999998,0.341
1214,9.748,0.161,0.338
1215,9.748,0.161,0.338
1216,9.748,0.158,0.336
1217,9.748,0.158,0.336
1218,9.788,0.155,0.334
1219,9.788,0.155,0.334
1220,9.788,0.151,0.333
1221,9.788,0.151,0.333
1222,9.828,0.151,0.333
1223,9.828,0.151,0.333
1224,9.828,0.14800000000000002,0.332
1225,9.828,0.14800000000000002,0.332
1226,9.828,0.145,0.33
1227,9.828,0.145,0.33
1228,9.869,0.141,0.329
1229,9.869,0.141,0.329
1230,9.869,0.138,0.328
1231,9.869,0.138,0.328
1232,9.908,0.138,0.328
1233,9.908,0.138,0.328
1234,9.908,0.138,0.328
1235,9.908,0.138,0.328
1236,9.908,0.135,0.327
1237,9.908,0.135,0.327
1238,9.948,0.132,0.326
1239,9.948,0.132,0.326
1240,9.948,0.129,0.326
1241,9.948,0.129,0.326
1242,9.99,0.129,0.326
1243,9.99,0.129,0.326
1244,9.99,0.127,0.325
1245,9.99,0.127,0.325
1246,9.99,0.124,0.325
1247,9.99,0.124,0.325
1248,10.031,0.121,0.325
1249,10.031,0.121,0.325
1250,10.031,0.117,0.325
1251,10.031,0.117,0.325
1252,10.071,0.115,0.326
1253,10.071,0.115,0.326
1254,10.071,0.115,0.326
1255,10.071,0.115,0.326
1256,10.071,0.111,0.327
1257,10.071,0.111,0.327
1258,10.112,0.108,0.33
1259,10.112,0.108,0.33
1260,10.112,0.104,0.333
1261,10.112,0.104,0.333
1262,10.152,0.1,0.336
1263,10.152,0.1,0.336
1264,10.152,0.1,0.336
1265,10.152,0.1,0.336
1266,10.193,0.1,0.337
1267,10.193,0.1,0.337
1268,10.193,0.096,0.342
1269,10.193,0.096,0.342
1270,10.193,0.093,0.34700000000000003
1271,10.193,0.093,0.34700000000000003
1272,10.233,0.093,0.34700000000000003
1273,10.233,0.093,0.34700000000000003
1274,10.233,0.08900000000000001,0.354
1275,10.233,0.08900000000000001,0.354
1276,10.273,0.086,0.36
1277,10.273,0.086,0.36
1278,10.273,0.08199999999999999,0.3670000000000001
1279,10.273,0.08199999999999999,0.3670000000000001
1280,10.273,0.079,0.373
1281,10.273,0.079,0.373
1282,10.313,0.076,0.379
1283,10.313,0.076,0.379
1284,10.313,0.076,0.379
1285,10.313,0.076,0.379
1286,10.353,0.073,0.384
1287,10.353,0.073,0.384
1288,10.353,0.07,0.389
1289,10.353,0.07,0.389
1290,10.393,0.067,0.393
1291,10.393,0.067,0.393
1292,10.393,0.067,0.393
1293,10.393,0.067,0.393
1294,10.393,0.064,0.397
1295,10.393,0.064,0.397
1296,10.433,0.062,0.402
1297,10.433,0.062,0.402
1298,10.433,0.059,0.406
1299,10.433,0.059,0.406
1300,10.474,0.057,0.41
1301,10.474,0.057,0.41
1302,10.474,0.057,0.41
1303,10.474,0.057,0.41
1304,10.474,0.056,0.416
1305,10.474,0.056,0.416
1306,10.515,0.054000000000000006,0.422
1307,10.515,0.054000000000000006,0.422
1308,10.515,0.053,0.428
1309,10.515,0.053,0.428
1310,10.555,0.053,0.433
1311,10.555,0.053,0.433
1312,10.555,0.053,0.433
1313,10.555,0.053,0.433
1314,10.555,0.053,0.433
1315,10.555,0.053,0.433
1316,10.595999999999998,0.053,0.438
1317,10.595999999999998,0.053,0.438
1318,10.595999999999998,0.053,0.444
1319,10.595999999999998,0.053,0.444
1320,10.635,0.053,0.45
1321,10.635,0.053,0.45
1322,10.635,0.053,0.456
1323,10.635,0.053,0.456
1324,10.675,0.053,0.456
1325,10.675,0.053,0.456
1326,10.675,0.053,0.461
1327,10.675,0.053,0.461
1328,10.675,0.053,0.467
1329,10.675,0.053,0.467
1330,10.716,0.052000000000000005,0.472
1331,10.716,0.052000000000000005,0.472
1332,10.716,0.052000000000000005,0.477
1333,10.716,0.052000000000000005,0.477
1334,10.758,0.052000000000000005,0.477
1335,10.758,0.052000000000000005,0.477
1336,10.758,0.051,0.482
1337,10.758,0.051,0.482
1338,10.758,0.051,0.487
1339,10.798,0.05,0.4920000000000001
1340,10.758,0.051,0.487
1341,10.798,0.05,0.4920000000000001
1342,10.798,0.05,0.4920000000000001
1343,10.798,0.05,0.4920000000000001
1344,10.838,0.05,0.4970000000000001
1345,10.838,0.05,0.4970000000000001
1346,10.838,0.049,0.503
1347,10.838,0.049,0.503
1348,10.838,0.048,0.507
1349,10.838,0.048,0.507
1350,10.879,0.047,0.512
1351,10.879,0.047,0.512
1352,10.879,0.047,0.512
1353,10.879,0.047,0.512
1354,10.919,0.047,0.511
1355,10.919,0.047,0.511
1356,10.919,0.045,0.516
1357,10.919,0.045,0.516
1358,10.959,0.044,0.52
1359,10.959,0.043,0.524
1360,10.959,0.044,0.52
1361,10.959,0.043,0.524
1362,10.959,0.043,0.524
1363,10.959,0.043,0.524
1364,11.0,0.041,0.527
1365,11.0,0.041,0.527
1366,11.0,0.039,0.531
1367,11.0,0.039,0.531
1368,11.041,0.037000000000000005,0.5329999999999999
1369,11.041,0.037000000000000005,0.5329999999999999
1370,11.041,0.034,0.537
1371,11.041,0.034,0.537
1372,11.041,0.034,0.535
1373,11.041,0.034,0.535
1374,11.082,0.032,0.536
1375,11.082,0.032,0.536
1376,11.082,0.03,0.537
1377,11.082,0.03,0.537
1378,11.123,0.03,0.537
1379,11.123,0.03,0.537
1380,11.123,0.027000000000000003,0.5379999999999999
1381,11.123,0.027000000000000003,0.5379999999999999
1382,11.123,0.026,0.5379999999999999
1383,11.123,0.026,0.5379999999999999
1384,11.163,0.024,0.539
1385,11.163,0.024,0.539
1386,11.163,0.023,0.5379999999999999
1387,11.163,0.023,0.5379999999999999
1388,11.204,0.023,0.5379999999999999
1389,11.204,0.023,0.5379999999999999
1390,11.204,0.022,0.5379999999999999
1391,11.204,0.022,0.5379999999999999
1392,11.204,0.021,0.537
1393,11.204,0.021,0.537
1394,11.245,0.021,0.536
1395,11.245,0.021,0.536
1396,11.245,0.02,0.535
1397,11.245,0.02,0.535
1398,11.285,0.02,0.535
1399,11.285,0.02,0.535
1400,11.285,0.021,0.534
1401,11.285,0.021,0.534
1402,11.326,0.021,0.531
1403,11.326,0.021,0.531
1404,11.326,0.021,0.528
1405,11.326,0.021,0.528
1406,11.326,0.021,0.525
1407,11.326,0.021,0.525
1408,11.366,0.021,0.525
1409,11.366,0.021,0.525
1410,11.366,0.021,0.524
1411,11.366,0.021,0.524
1412,11.406,0.021,0.521
1413,11.406,0.021,0.521
1414,11.406,0.021,0.516
1415,11.406,0.021,0.516
1416,11.406,0.021,0.512
1417,11.406,0.021,0.512
1418,11.447,0.021,0.509
1419,11.447,0.021,0.509
1420,11.447,0.021,0.509
1421,11.447,0.021,0.509
1422,11.488,0.021,0.504
1423,11.488,0.021,0.504
1424,11.488,0.022,0.498
1425,11.488,0.022,0.498
1426,11.528,0.022,0.494
1427,11.528,0.022,0.494
1428,11.528,0.022,0.494
1429,11.528,0.022,0.494
1430,11.528,0.023,0.489
1431,11.528,0.023,0.489
1432,11.568,0.023,0.484
1433,11.568,0.023,0.484
1434,11.568,0.023,0.479
1435,11.568,0.023,0.479
1436,11.609000000000002,0.024,0.474
1437,11.609000000000002,0.024,0.474
1438,11.609000000000002,0.024,0.474
1439,11.609000000000002,0.024,0.474
1440,11.609000000000002,0.024,0.47
1441,11.609000000000002,0.024,0.47
1442,11.65,0.025,0.465
1443,11.65,0.025,0.465
1444,11.65,0.026,0.46
1445,11.65,0.026,0.46
1446,11.69,0.027000000000000003,0.456
1447,11.69,0.027000000000000003,0.456
1448,11.69,0.027000000000000003,0.456
1449,11.69,0.027000000000000003,0.456
1450,11.69,0.027000000000000003,0.456
1451,11.69,0.027000000000000003,0.456
1452,11.731,0.028,0.45
1453,11.731,0.028,0.45
1454,11.731,0.03,0.443
1455,11.731,0.03,0.443
1456,11.771,0.032,0.434
1457,11.771,0.032,0.434
1458,11.771,0.033,0.426
1459,11.771,0.033,0.426
1460,11.771,0.033,0.426
1461,11.771,0.033,0.426
1462,11.812,0.036000000000000004,0.418
1463,11.812,0.036000000000000004,0.418
1464,11.812,0.038,0.409
1465,11.812,0.038,0.409
1466,11.853,0.042,0.401
1467,11.853,0.042,0.401
1468,11.853,0.042,0.401
1469,11.853,0.042,0.401
1470,11.893,0.045,0.393
1471,11.893,0.045,0.393
1472,11.893,0.048,0.386
1473,11.893,0.048,0.386
1474,11.893,0.053,0.377
1475,11.893,0.053,0.377
1476,11.934,0.06,0.3670000000000001
1477,11.934,0.06,0.3670000000000001
1478,11.934,0.06,0.3670000000000001
1479,11.934,0.06,0.3670000000000001
1480,11.974,0.066,0.36
1481,11.974,0.066,0.36
1482,11.974,0.07400000000000001,0.353
1483,11.974,0.07400000000000001,0.353
1484,11.974,0.084,0.345
1485,11.974,0.084,0.345
1486,12.014,0.094,0.337
1487,12.014,0.094,0.337
1488,12.014,0.094,0.337
1489,12.014,0.094,0.337
1490,12.055,0.094,0.339
1491,12.055,0.094,0.339
1492,12.055,0.104,0.333
1493,12.055,0.104,0.333
1494,12.055,0.115,0.326
1495,12.055,0.115,0.326
1496,12.097,0.126,0.32
1497,12.097,0.126,0.32
1498,12.097,0.126,0.32
1499,12.097,0.126,0.32
1500,12.137,0.13699999999999998,0.314
1501,12.137,0.13699999999999998,0.314
1502,12.137,0.147,0.308
1503,12.137,0.147,0.308
1504,12.137,0.158,0.301
1505,12.137,0.158,0.301
1506,12.178,0.16899999999999998,0.29100000000000004
1507,12.178,0.16899999999999998,0.29100000000000004
1508,12.178,0.18,0.278
1509,12.178,0.18,0.278
1510,12.219,0.18,0.278
1511,12.219,0.18,0.278
1512,12.219,0.191,0.262
1513,12.219,0.191,0.262
1514,12.259,0.202,0.245
1515,12.259,0.202,0.245
1516,12.259,0.213,0.232
1517,12.259,0.213,0.232
1518,12.259,0.223,0.224
1519,12.259,0.223,0.224
1520,12.299,0.223,0.224
1521,12.299,0.223,0.224
1522,12.299,0.222,0.228
1523,12.299,0.222,0.228
1524,12.339,0.233,0.22
1525,12.339,0.245,0.213
1526,12.339,0.245,0.213
1527,12.339,0.233,0.22
1528,12.339,0.256,0.208
1529,12.339,0.256,0.208
1530,12.38,0.256,0.208
1531,12.38,0.256,0.208
1532,12.38,0.265,0.206
1533,12.38,0.265,0.206
1534,12.421,0.274,0.204
1535,12.421,0.274,0.204
1536,12.421,0.28300000000000003,0.202
1537,12.421,0.28300000000000003,0.202
1538,12.421,0.29100000000000004,0.201
1539,12.421,0.29100000000000004,0.201
1540,12.462,0.299,0.2
1541,12.462,0.299,0.2
1542,12.462,0.299,0.2
1543,12.462,0.299,0.2
1544,12.502,0.307,0.198
1545,12.502,0.307,0.198
1546,12.502,0.315,0.196
1547,12.502,0.315,0.196
1548,12.542,0.322,0.195
1549,12.542,0.322,0.195
1550,12.542,0.322,0.195
1551,12.542,0.322,0.195
1552,12.542,0.327,0.194
1553,12.542,0.327,0.194
1554,12.583,0.332,0.195
1555,12.583,0.332,0.195
1556,12.583,0.336,0.197
1557,12.583,0.336,0.197
1558,12.623,0.334,0.197
1559,12.623,0.334,0.197
1560,12.623,0.337,0.198
1561,12.623,0.337,0.198
1562,12.623,0.337,0.198
1563,12.623,0.337,0.198
1564,12.664,0.34,0.199
1565,12.664,0.34,0.199
1566,12.664,0.343,0.2
1567,12.664,0.343,0.2
1568,12.704,0.34600000000000003,0.201
1569,12.704,0.34600000000000003,0.201
1570,12.704,0.349,0.202
1571,12.704,0.349,0.202
1572,12.704,0.349,0.202
1573,12.704,0.349,0.202
1574,12.745,0.35200000000000004,0.203
1575,12.745,0.35200000000000004,0.203
1576,12.745,0.355,0.206
1577,12.745,0.355,0.206
1578,12.786,0.358,0.208
1579,12.786,0.358,0.208
1580,12.786,0.361,0.213
1581,12.786,0.361,0.213
1582,12.827,0.361,0.213
1583,12.827,0.361,0.213
1584,12.827,0.364,0.22
1585,12.827,0.364,0.22
1586,12.827,0.366,0.228
1587,12.827,0.366,0.228
1588,12.868,0.3670000000000001,0.243
1589,12.868,0.3670000000000001,0.243
1590,12.868,0.368,0.265
1591,12.868,0.368,0.265
1592,12.908,0.368,0.265
1593,12.908,0.368,0.265
1594,12.908,0.368,0.269
1595,12.908,0.368,0.269
1596,12.908,0.371,0.285
1597,12.908,0.371,0.285
1598,12.949000000000002,0.374,0.301
1599,12.949000000000002,0.374,0.301
1600,12.949000000000002,0.378,0.316
1601,12.949000000000002,0.378,0.316
1602,12.989,0.378,0.316
1603,12.989,0.378,0.316
1604,12.989,0.381,0.33
1605,12.989,0.381,0.33
1606,12.989,0.384,0.343
1607,12.989,0.384,0.343
1608,13.029000000000002,0.388,0.35700000000000004
1609,13.029000000000002,0.388,0.35700000000000004
1610,13.029000000000002,0.392,0.37
1611,13.029000000000002,0.392,0.37
1612,13.07,0.396,0.381
1613,13.07,0.396,0.381
1614,13.07,0.396,0.381
1615,13.07,0.396,0.381
1616,13.07,0.399,0.392
1617,13.07,0.399,0.392
1618,13.111,0.404,0.403
1619,13.111,0.404,0.403
1620,13.111,0.408,0.412
1621,13.151,0.408,0.412
1622,13.111,0.408,0.412
1623,13.151,0.408,0.412
1624,13.151,0.412,0.418
1625,13.151,0.412,0.418
1626,13.192,0.415,0.424
1627,13.192,0.415,0.424
1628,13.192,0.419,0.431
1629,13.192,0.419,0.431
1630,13.192,0.422,0.435
1631,13.192,0.422,0.435
1632,13.231,0.422,0.435
1633,13.231,0.422,0.435
1634,13.231,0.422,0.433
1635,13.231,0.422,0.433
1636,13.272,0.425,0.4370000000000001
1637,13.272,0.425,0.4370000000000001
1638,13.272,0.428,0.441
1639,13.272,0.428,0.441
1640,13.272,0.431,0.443
1641,13.272,0.431,0.443
1642,13.313,0.433,0.445
1643,13.313,0.433,0.445
1644,13.313,0.433,0.445
1645,13.313,0.433,0.445
1646,13.353,0.436,0.447
1647,13.353,0.436,0.447
1648,13.353,0.438,0.448
1649,13.353,0.438,0.448
1650,13.353,0.44,0.449
1651,13.353,0.44,0.449
1652,13.394,0.44,0.449
1653,13.394,0.44,0.449
1654,13.394,0.442,0.45
1655,13.394,0.442,0.45
1656,13.434,0.445,0.45
1657,13.434,0.445,0.45
1658,13.434,0.447,0.451
1659,13.434,0.447,0.451
1660,13.474,0.45,0.452
1661,13.474,0.45,0.452
1662,13.474,0.45,0.452
1663,13.474,0.45,0.452
1664,13.474,0.452,0.454
1665,13.474,0.452,0.454
1666,13.515,0.456,0.456
1667,13.515,0.456,0.456
1668,13.515,0.46,0.458
1669,13.515,0.46,0.458
1670,13.555,0.463,0.46
1671,13.555,0.463,0.46
1672,13.555,0.463,0.46
1673,13.555,0.463,0.46
1674,13.555,0.463,0.46
1675,13.555,0.463,0.46
1676,13.595,0.466,0.461
1677,13.595,0.466,0.461
1678,13.595,0.468,0.463
1679,13.595,0.468,0.463
1680,13.635,0.473,0.465
1681,13.635,0.473,0.465
1682,13.635,0.473,0.465
1683,13.635,0.473,0.465
1684,13.675999999999998,0.475,0.466
1685,13.675999999999998,0.475,0.466
1686,13.675999999999998,0.477,0.466
1687,13.675999999999998,0.477,0.466
1688,13.675999999999998,0.479,0.467
1689,13.675999999999998,0.479,0.467
1690,13.716,0.481,0.468
1691,13.716,0.481,0.468
1692,13.716,0.481,0.468
1693,13.716,0.481,0.468
1694,13.757,0.483,0.467
1695,13.757,0.483,0.467
1696,13.757,0.486,0.467
1697,13.757,0.486,0.467
1698,13.757,0.488,0.467
1699,13.757,0.488,0.467
1700,13.799,0.489,0.466
1701,13.799,0.489,0.466
1702,13.799,0.489,0.466
1703,13.799,0.489,0.466
1704,13.839,0.491,0.465
1705,13.839,0.491,0.465
1706,13.839,0.4920000000000001,0.465
1707,13.839,0.4920000000000001,0.465
1708,13.839,0.494,0.464
1709,13.839,0.494,0.464
1710,13.879,0.494,0.464
1711,13.879,0.494,0.464
1712,13.879,0.496,0.463
1713,13.879,0.496,0.463
1714,13.919,0.4970000000000001,0.462
1715,13.919,0.4970000000000001,0.462
1716,13.919,0.499,0.462
1717,13.919,0.499,0.462
1718,13.959,0.499,0.462
1719,13.959,0.499,0.462
1720,13.959,0.501,0.461
1721,13.959,0.501,0.461
1722,13.959,0.501,0.461
1723,13.959,0.501,0.461
1724,13.999,0.502,0.461
1725,13.999,0.502,0.461
1726,13.999,0.504,0.46
1727,13.999,0.504,0.46
1728,14.039,0.505,0.46
1729,14.039,0.505,0.46
1730,14.039,0.506,0.46
1731,14.039,0.506,0.46
1732,14.039,0.506,0.46
1733,14.039,0.506,0.46
1734,14.08,0.508,0.46
1735,14.08,0.508,0.46
1736,14.08,0.509,0.46
1737,14.08,0.509,0.46
1738,14.12,0.51,0.46
1739,14.12,0.51,0.46
1740,14.12,0.511,0.461
1741,14.16,0.511,0.461
1742,14.12,0.511,0.461
1743,14.16,0.511,0.461
1744,14.16,0.512,0.461
1745,14.16,0.512,0.461
1746,14.16,0.513,0.462
1747,14.16,0.513,0.462
1748,14.2,0.514,0.462
1749,14.2,0.514,0.462
1750,14.2,0.514,0.462
1751,14.2,0.514,0.462
1752,14.24,0.515,0.463
1753,14.24,0.515,0.463
1754,14.24,0.516,0.464
1755,14.24,0.516,0.464
1756,14.24,0.518,0.464
1757,14.24,0.518,0.464
1758,14.281,0.517,0.463
1759,14.281,0.517,0.463
1760,14.281,0.517,0.463
1761,14.281,0.517,0.463
1762,14.321,0.519,0.463
1763,14.321,0.519,0.463
1764,14.321,0.52,0.463
1765,14.321,0.52,0.463
1766,14.321,0.521,0.463
1767,14.321,0.521,0.463
1768,14.362,0.522,0.463
1769,14.362,0.522,0.463
1770,14.362,0.522,0.463
1771,14.362,0.522,0.463
1772,14.403,0.523,0.463
1773,14.403,0.523,0.463
1774,14.403,0.523,0.463
1775,14.403,0.523,0.463
1776,14.403,0.524,0.463
1777,14.403,0.524,0.463
1778,14.444,0.525,0.463
1779,14.444,0.525,0.463
1780,14.444,0.525,0.463
1781,14.444,0.525,0.463
1782,14.483,0.526,0.463
1783,14.483,0.526,0.463
1784,14.483,0.527,0.463
1785,14.483,0.527,0.463
1786,14.523,0.527,0.464
1787,14.523,0.527,0.464
1788,14.523,0.529,0.464
1789,14.523,0.529,0.464
1790,14.523,0.529,0.464
1791,14.523,0.529,0.464
1792,14.564,0.529,0.465
1793,14.564,0.529,0.465
1794,14.564,0.53,0.465
1795,14.564,0.53,0.465
1796,14.604,0.53,0.465
1797,14.604,0.53,0.465
1798,14.604,0.532,0.465
1799,14.604,0.532,0.465
1800,14.604,0.532,0.465
1801,14.604,0.532,0.465
1802,14.645,0.532,0.465
1803,14.645,0.532,0.465
1804,14.645,0.534,0.465
1805,14.645,0.534,0.465
1806,14.685,0.536,0.465
1807,14.685,0.536,0.465
1808,14.685,0.5379999999999999,0.465
1809,14.685,0.5379999999999999,0.465
1810,14.726,0.5379999999999999,0.465
1811,14.726,0.5379999999999999,0.465
1812,14.726,0.541,0.465
1813,14.726,0.541,0.465
1814,14.726,0.544,0.465
1815,14.726,0.544,0.465
1816,14.767,0.5479999999999999,0.465
1817,14.767,0.5479999999999999,0.465
1818,14.767,0.552,0.465
1819,14.767,0.552,0.465
1820,14.807,0.552,0.465
1821,14.807,0.552,0.465
1822,14.807,0.557,0.465
1823,14.807,0.557,0.465
1824,14.807,0.561,0.466
1825,14.807,0.561,0.466
1826,14.847,0.5660000000000001,0.467
1827,14.847,0.5660000000000001,0.467
1828,14.847,0.5710000000000001,0.468
1829,14.847,0.5710000000000001,0.468
1830,14.888,0.5710000000000001,0.468
1831,14.888,0.5710000000000001,0.468
1832,14.888,0.5760000000000001,0.468
1833,14.888,0.5760000000000001,0.468
1834,14.888,0.581,0.469
1835,14.888,0.581,0.469
1836,14.928,0.586,0.47
1837,14.928,0.586,0.47
1838,14.928,0.586,0.47
1839,14.928,0.586,0.47
1840,14.969,0.59,0.472
1841,14.969,0.59,0.472
1842,14.969,0.595,0.473
1843,14.969,0.595,0.473
1844,15.009,0.599,0.473
1845,15.009,0.599,0.473
1846,15.009,0.603,0.473
1847,15.009,0.603,0.473
1848,15.009,0.603,0.473
1849,15.009,0.603,0.473
1850,15.05,0.603,0.473
1851,15.05,0.603,0.473
1852,15.05,0.607,0.474
1853,15.05,0.607,0.474
1854,15.09,0.611,0.474
1855,15.09,0.611,0.474
1856,15.09,0.615,0.474
1857,15.09,0.615,0.474
1858,15.09,0.619,0.476
1859,15.09,0.619,0.476
1860,15.132,0.623,0.476
1861,15.132,0.623,0.476
1862,15.132,0.623,0.476
1863,15.132,0.623,0.476
1864,15.173,0.627,0.477
1865,15.173,0.627,0.477
1866,15.173,0.63,0.476
1867,15.173,0.63,0.476
1868,15.173,0.633,0.477
1869,15.173,0.633,0.477
1870,15.214,0.633,0.477
1871,15.214,0.633,0.477
1872,15.214,0.635,0.477
1873,15.214,0.635,0.477
1874,15.255,0.636,0.477
1875,15.255,0.636,0.477
1876,15.255,0.637,0.476
1877,15.255,0.637,0.476
1878,15.296,0.637,0.476
1879,15.296,0.637,0.476
1880,15.336,0.637,0.473
1881,15.336,0.637,0.473
1882,15.336,0.636,0.473
1883,15.336,0.636,0.473
1884,15.377,0.636,0.471
1885,15.377,0.636,0.471
1886,15.377,0.636,0.47
1887,15.377,0.636,0.47
1888,15.377,0.635,0.468
1889,15.377,0.635,0.468
1890,15.419,0.635,0.468
1891,15.419,0.635,0.468
1892,15.419,0.634,0.468
1893,15.419,0.634,0.468
1894,15.459,0.633,0.468
1895,15.459,0.633,0.468
1896,15.459,0.633,0.468
1897,15.459,0.633,0.468
1898,15.459,0.632,0.467
1899,15.459,0.632,0.467
1900,15.5,0.632,0.467
1901,15.5,0.632,0.467
1902,15.5,0.631,0.467
1903,15.5,0.631,0.467
1904,15.54,0.631,0.466
1905,15.54,0.631,0.466
1906,15.54,0.63,0.466
1907,15.54,0.63,0.466
1908,15.54,0.629,0.465
1909,15.54,0.629,0.465
1910,15.58,0.629,0.465
1911,15.58,0.629,0.465
1912,15.58,0.627,0.464
1913,15.58,0.627,0.464
1914,15.62,0.626,0.464
1915,15.62,0.626,0.464
1916,15.62,0.624,0.463
1917,15.62,0.624,0.463
1918,15.62,0.623,0.462
1919,15.62,0.623,0.462
1920,15.661,0.622,0.462
1921,15.661,0.622,0.462
1922,15.661,0.622,0.462
1923,15.661,0.622,0.462
1924,15.701,0.62,0.461
1925,15.701,0.62,0.461
1926,15.701,0.618,0.461
1927,15.701,0.618,0.461
1928,15.741,0.617,0.46
1929,15.741,0.617,0.46
1930,15.741,0.617,0.46
1931,15.741,0.617,0.46
1932,15.741,0.615,0.459
1933,15.741,0.615,0.459
1934,15.781,0.613,0.459
1935,15.781,0.613,0.459
1936,15.781,0.611,0.458
1937,15.781,0.611,0.458
1938,15.821,0.608,0.459
1939,15.821,0.608,0.459
1940,15.821,0.608,0.459
1941,15.821,0.608,0.459
1942,15.821,0.608,0.459
1943,15.821,0.608,0.459
1944,15.862,0.605,0.459
1945,15.862,0.605,0.459
1946,15.862,0.601,0.459
1947,15.862,0.601,0.459
1948,15.903,0.597,0.46
1949,15.903,0.597,0.46
1950,15.903,0.597,0.46
1951,15.903,0.597,0.46
1952,15.903,0.593,0.46
1953,15.903,0.593,0.46
1954,15.944,0.589,0.46
1955,15.944,0.585,0.46
1956,15.944,0.589,0.46
1957,15.944,0.585,0.46
1958,15.984000000000002,0.58,0.46
1959,15.984000000000002,0.58,0.46
1960,15.984000000000002,0.58,0.46
1961,15.984000000000002,0.58,0.46
1962,16.024,0.5760000000000001,0.461
1963,16.024,0.5760000000000001,0.461
1964,16.024,0.5710000000000001,0.461
1965,16.024,0.5710000000000001,0.461
1966,16.024,0.565,0.461
1967,16.065,0.56,0.461
1968,16.024,0.565,0.461
1969,16.065,0.56,0.461
1970,16.065,0.56,0.461
1971,16.065,0.56,0.461
1972,16.105,0.555,0.461
1973,16.105,0.555,0.461
1974,16.105,0.55,0.463
1975,16.105,0.55,0.463
1976,16.105,0.544,0.463
1977,16.105,0.544,0.463
1978,16.146,0.539,0.464
1979,16.146,0.539,0.464
1980,16.146,0.539,0.464
1981,16.146,0.539,0.464
1982,16.187,0.539,0.464
1983,16.187,0.539,0.464
1984,16.187,0.535,0.464
1985,16.187,0.535,0.464
1986,16.187,0.53,0.465
1987,16.187,0.53,0.465
1988,16.227,0.526,0.465
1989,16.227,0.526,0.465
1990,16.227,0.526,0.465
1991,16.227,0.526,0.465
1992,16.267,0.521,0.465
1993,16.267,0.521,0.465
1994,16.267,0.517,0.465
1995,16.267,0.517,0.465
1996,16.307000000000002,0.512,0.465
1997,16.307000000000002,0.512,0.465
1998,16.307000000000002,0.508,0.466
1999,16.307000000000002,0.508,0.466
2000,16.307000000000002,0.508,0.466
2001,16.307000000000002,0.508,0.466
2002,16.348,0.504,0.465
2003,16.348,0.504,0.465
2004,16.348,0.5,0.466
2005,16.348,0.5,0.466
2006,16.387999999999998,0.496,0.466
2007,16.387999999999998,0.496,0.466
2008,16.387999999999998,0.4920000000000001,0.465
2009,16.387999999999998,0.4920000000000001,0.465
2010,16.387999999999998,0.4920000000000001,0.465
2011,16.387999999999998,0.4920000000000001,0.465
2012,16.428,0.488,0.465
2013,16.428,0.488,0.465
2014,16.428,0.485,0.465
2015,16.428,0.485,0.465
2016,16.469,0.482,0.465
2017,16.469,0.482,0.465
2018,16.469,0.482,0.465
2019,16.469,0.482,0.465
2020,16.469,0.478,0.465
2021,16.469,0.478,0.465
2022,16.511,0.475,0.465
2023,16.511,0.475,0.465
2024,16.511,0.476,0.465
2025,16.511,0.476,0.465
2026,16.551,0.473,0.465
2027,16.551,0.473,0.465
2028,16.551,0.473,0.465
2029,16.551,0.473,0.465
2030,16.590999999999998,0.47,0.464
2031,16.590999999999998,0.467,0.464
2032,16.590999999999998,0.47,0.464
2033,16.590999999999998,0.467,0.464
2034,16.590999999999998,0.465,0.463
2035,16.590999999999998,0.465,0.463
2036,16.631,0.462,0.463
2037,16.631,0.462,0.463
2038,16.631,0.462,0.463
2039,16.631,0.462,0.463
2040,16.671,0.46,0.462
2041,16.671,0.46,0.462
2042,16.671,0.458,0.462
2043,16.671,0.458,0.462
2044,16.671,0.456,0.462
2045,16.671,0.456,0.462
2046,16.711,0.456,0.462
2047,16.711,0.456,0.462
2048,16.711,0.454,0.461
2049,16.711,0.454,0.461
2050,16.752,0.454,0.461
2051,16.752,0.454,0.461
2052,16.752,0.451,0.461
2053,16.752,0.451,0.461
2054,16.792,0.448,0.461
2055,16.792,0.448,0.461
2056,16.792,0.446,0.461
2057,16.792,0.446,0.461
2058,16.792,0.444,0.461
2059,16.792,0.444,0.461
2060,16.832,0.444,0.461
2061,16.832,0.444,0.461
2062,16.832,0.443,0.461
2063,16.832,0.443,0.461
2064,16.872,0.439,0.461
2065,16.872,0.439,0.461
2066,16.872,0.434,0.461
2067,16.872,0.434,0.461
2068,16.872,0.428,0.461
2069,16.872,0.428,0.461
2070,16.912,0.428,0.461
2071,16.912,0.428,0.461
2072,16.912,0.421,0.461
2073,16.912,0.421,0.461
2074,16.952,0.415,0.461
2075,16.952,0.415,0.461
2076,16.952,0.409,0.461
2077,16.952,0.409,0.461
2078,16.992,0.403,0.462
2079,16.992,0.403,0.462
2080,16.992,0.403,0.462
2081,16.992,0.403,0.462
2082,16.992,0.397,0.462
2083,16.992,0.397,0.462
2084,17.032,0.391,0.463
2085,17.032,0.391,0.463
2086,17.032,0.386,0.463
2087,17.032,0.386,0.463
2088,17.073,0.381,0.464
2089,17.073,0.381,0.464
2090,17.073,0.381,0.464
2091,17.073,0.381,0.464
2092,17.073,0.377,0.464
2093,17.073,0.377,0.464
2094,17.114,0.374,0.464
2095,17.114,0.374,0.464
2096,17.114,0.371,0.464
2097,17.114,0.371,0.464
2098,17.155,0.368,0.464
2099,17.155,0.368,0.464
2100,17.155,0.368,0.464
2101,17.155,0.368,0.464
2102,17.155,0.369,0.463
2103,17.155,0.369,0.463
2104,17.195,0.3670000000000001,0.463
2105,17.195,0.3670000000000001,0.463
2106,17.195,0.365,0.463
2107,17.195,0.365,0.463
2108,17.235,0.364,0.462
2109,17.235,0.364,0.462
2110,17.235,0.364,0.462
2111,17.235,0.364,0.462
2112,17.235,0.362,0.461
2113,17.235,0.362,0.461
2114,17.276,0.361,0.46
2115,17.276,0.361,0.46
2116,17.276,0.36,0.46
2117,17.276,0.36,0.46
2118,17.317,0.359,0.459
2119,17.317,0.359,0.459
2120,17.317,0.359,0.459
2121,17.317,0.359,0.459
2122,17.357,0.358,0.458
2123,17.357,0.358,0.458
2124,17.357,0.35700000000000004,0.458
2125,17.357,0.35700000000000004,0.458
2126,17.357,0.35600000000000004,0.457
2127,17.357,0.35600000000000004,0.457
2128,17.399,0.355,0.457
2129,17.399,0.355,0.457
2130,17.399,0.355,0.457
2131,17.399,0.355,0.457
2132,17.439,0.354,0.456
2133,17.439,0.354,0.456
2134,17.439,0.35200000000000004,0.456
2135,17.439,0.35200000000000004,0.456
2136,17.439,0.35100000000000003,0.456
2137,17.439,0.35100000000000003,0.456
2138,17.48,0.35100000000000003,0.456
2139,17.48,0.35100000000000003,0.456
2140,17.48,0.35,0.456
2141,17.52,0.348,0.456
2142,17.48,0.35,0.456
2143,17.52,0.348,0.456
2144,17.52,0.349,0.456
2145,17.52,0.349,0.456
2146,17.52,0.348,0.456
2147,17.52,0.348,0.456
2148,17.561,0.348,0.456
2149,17.561,0.348,0.456
2150,17.561,0.34700000000000003,0.456
2151,17.561,0.34700000000000003,0.456
2152,17.602,0.34600000000000003,0.456
2153,17.602,0.34600000000000003,0.456
2154,17.602,0.345,0.455
2155,17.602,0.345,0.455
2156,17.602,0.344,0.454
2157,17.602,0.344,0.454
2158,17.643,0.344,0.454
2159,17.643,0.344,0.454
2160,17.643,0.344,0.453
2161,17.643,0.344,0.453
2162,17.684,0.343,0.453
2163,17.684,0.343,0.453
2164,17.684,0.343,0.452
2165,17.684,0.343,0.452
2166,17.724,0.342,0.451
2167,17.724,0.342,0.451
2168,17.724,0.342,0.451
2169,17.724,0.342,0.451
2170,17.724,0.342,0.451
2171,17.724,0.342,0.451
2172,17.765,0.341,0.45
2173,17.765,0.341,0.45
2174,17.765,0.341,0.448
2175,17.765,0.341,0.448
2176,17.805,0.34,0.447
2177,17.805,0.34,0.447
2178,17.805,0.34,0.447
2179,17.805,0.34,0.447
2180,17.805,0.34,0.447
2181,17.805,0.34,0.447
2182,17.845,0.34,0.445
2183,17.845,0.34,0.445
2184,17.845,0.34,0.444
2185,17.845,0.34,0.444
2186,17.885,0.339,0.443
2187,17.885,0.339,0.443
2188,17.885,0.339,0.443
2189,17.885,0.34,0.44
2190,17.885,0.339,0.443
2191,17.885,0.34,0.44
2192,17.926,0.34,0.4370000000000001
2193,17.926,0.34,0.4370000000000001
2194,17.926,0.341,0.435
2195,17.926,0.341,0.435
2196,17.967,0.341,0.435
2197,17.967,0.341,0.435
2198,17.967,0.341,0.434
2199,17.967,0.341,0.434
2200,18.008,0.342,0.431
2201,18.008,0.342,0.431
2202,18.008,0.343,0.4270000000000001
2203,18.008,0.343,0.4270000000000001
2204,18.008,0.343,0.423
2205,18.008,0.343,0.423
2206,18.049,0.343,0.423
2207,18.049,0.343,0.423
2208,18.049,0.344,0.42
2209,18.049,0.344,0.42
2210,18.09,0.345,0.417
2211,18.09,0.345,0.417
2212,18.09,0.34600000000000003,0.413
2213,18.09,0.34600000000000003,0.413
2214,18.09,0.34700000000000003,0.409
2215,18.09,0.34700000000000003,0.409
2216,18.13,0.34700000000000003,0.409
2217,18.13,0.34700000000000003,0.409
2218,18.13,0.348,0.406
2219,18.13,0.348,0.406
2220,18.171,0.348,0.403
2221,18.171,0.348,0.403
2222,18.171,0.348,0.4
2223,18.171,0.348,0.4
2224,18.171,0.348,0.4
2225,18.171,0.348,0.4
2226,18.212,0.348,0.398
2227,18.212,0.348,0.398
2228,18.212,0.348,0.396
2229,18.212,0.348,0.396
2230,18.253,0.34700000000000003,0.395
2231,18.253,0.34700000000000003,0.395
2232,18.253,0.34700000000000003,0.393
2233,18.253,0.34700000000000003,0.393
2234,18.253,0.34700000000000003,0.393
2235,18.253,0.34700000000000003,0.393
2236,18.293,0.34600000000000003,0.391
2237,18.293,0.34600000000000003,0.391
2238,18.293,0.34600000000000003,0.39
2239,18.293,0.34600000000000003,0.39
2240,18.334,0.345,0.39
2241,18.334,0.345,0.39
2242,18.334,0.345,0.39
2243,18.334,0.345,0.39
2244,18.374,0.345,0.389
2245,18.374,0.345,0.389
2246,18.374,0.344,0.387
2247,18.374,0.344,0.387
2248,18.374,0.344,0.386
2249,18.374,0.344,0.386
2250,18.414,0.344,0.384
2251,18.414,0.344,0.384
2252,18.414,0.344,0.384
2253,18.414,0.344,0.384
2254,18.453,0.343,0.382
2255,18.453,0.343,0.382
2256,18.453,0.343,0.379
2257,18.453,0.343,0.379
2258,18.453,0.342,0.375
2259,18.453,0.342,0.375
2260,18.494,0.342,0.371
2261,18.494,0.342,0.371
2262,18.494,0.342,0.371
2263,18.494,0.342,0.371
2264,18.535,0.342,0.365
2265,18.535,0.342,0.365
2266,18.535,0.342,0.358
2267,18.535,0.342,0.358
2268,18.535,0.343,0.35100000000000003
2269,18.535,0.343,0.35100000000000003
2270,18.576,0.343,0.344
2271,18.576,0.343,0.344
2272,18.576,0.343,0.344
2273,18.576,0.343,0.344
2274,18.617,0.344,0.338
2275,18.617,0.344,0.338
2276,18.617,0.344,0.334
2277,18.617,0.344,0.334
2278,18.658,0.344,0.329
2279,18.658,0.344,0.329
2280,18.658,0.344,0.326
2281,18.658,0.344,0.326
2282,18.658,0.344,0.326
2283,18.658,0.344,0.326
2284,18.699,0.345,0.32299999999999995
2285,18.699,0.345,0.32299999999999995
2286,18.699,0.345,0.32
2287,18.699,0.345,0.32
2288,18.74,0.34600000000000003,0.317
2289,18.74,0.34600000000000003,0.317
2290,18.74,0.34600000000000003,0.317
2291,18.74,0.34600000000000003,0.317
2292,18.74,0.34600000000000003,0.314
2293,18.74,0.34600000000000003,0.314
2294,18.78,0.34700000000000003,0.311
2295,18.78,0.34700000000000003,0.311
2296,18.78,0.348,0.308
2297,18.78,0.348,0.308
2298,18.82,0.348,0.309
2299,18.82,0.348,0.309
2300,18.82,0.348,0.309
2301,18.82,0.348,0.309
2302,18.82,0.349,0.307
2303,18.82,0.349,0.307
2304,18.86,0.349,0.305
2305,18.86,0.349,0.305
2306,18.86,0.349,0.303
2307,18.86,0.349,0.303
2308,18.9,0.35,0.302
2309,18.9,0.35,0.302
2310,18.9,0.35,0.302
2311,18.9,0.35,0.302
2312,18.94,0.35,0.3
2313,18.94,0.35,0.3
2314,18.94,0.35,0.299
2315,18.94,0.35,0.299
2316,18.94,0.35100000000000003,0.297
2317,18.94,0.35100000000000003,0.297
2318,18.981,0.35200000000000004,0.295
2319,18.981,0.35200000000000004,0.295
2320,18.981,0.35200000000000004,0.295
2321,18.981,0.35200000000000004,0.295
2322,19.022,0.35200000000000004,0.293
2323,19.022,0.353,0.29100000000000004
2324,19.022,0.35200000000000004,0.293
2325,19.022,0.353,0.29100000000000004
2326,19.022,0.353,0.289
2327,19.022,0.353,0.289
2328,19.062,0.354,0.287
2329,19.062,0.354,0.287
2330,19.062,0.354,0.287
2331,19.062,0.354,0.287
2332,19.102,0.355,0.28600000000000003
2333,19.102,0.355,0.28600000000000003
2334,19.102,0.355,0.285
2335,19.102,0.355,0.285
2336,19.102,0.35600000000000004,0.285
2337,19.143,0.35600000000000004,0.285
2338,19.102,0.35600000000000004,0.285
2339,19.143,0.35600000000000004,0.285
2340,19.143,0.358,0.28600000000000003
2341,19.143,0.358,0.28600000000000003
2342,19.184,0.359,0.285
2343,19.184,0.359,0.285
2344,19.184,0.36,0.287
2345,19.184,0.36,0.287
2346,19.224,0.361,0.28800000000000003
2347,19.224,0.361,0.28800000000000003
2348,19.224,0.361,0.28800000000000003
2349,19.224,0.361,0.28800000000000003
2350,19.224,0.363,0.289
2351,19.224,0.363,0.289
2352,19.265,0.365,0.29
2353,19.265,0.365,0.29
2354,19.265,0.368,0.292
2355,19.265,0.368,0.292
2356,19.305,0.371,0.295
2357,19.305,0.371,0.295
2358,19.305,0.371,0.295
2359,19.305,0.371,0.295
2360,19.305,0.374,0.298
2361,19.305,0.374,0.298
2362,19.345,0.378,0.301
2363,19.345,0.378,0.301
2364,19.345,0.381,0.305
2365,19.345,0.381,0.305
2366,19.385,0.385,0.309
2367,19.385,0.385,0.309
2368,19.385,0.385,0.309
2369,19.385,0.385,0.309
2370,19.385,0.389,0.313
2371,19.385,0.389,0.313
2372,19.426,0.393,0.318
2373,19.426,0.393,0.318
2374,19.426,0.396,0.32299999999999995
2375,19.426,0.396,0.32299999999999995
2376,19.467,0.401,0.327
2377,19.467,0.401,0.327
2378,19.467,0.401,0.327
2379,19.467,0.401,0.327
2380,19.507,0.404,0.332
2381,19.507,0.404,0.332
2382,19.507,0.409,0.337
2383,19.507,0.409,0.337
2384,19.507,0.412,0.342
2385,19.507,0.412,0.342
2386,19.548,0.412,0.342
2387,19.548,0.412,0.342
2388,19.548,0.416,0.34700000000000003
2389,19.548,0.416,0.34700000000000003
2390,19.588,0.419,0.35100000000000003
2391,19.588,0.419,0.35100000000000003
2392,19.588,0.423,0.35600000000000004
2393,19.588,0.423,0.35600000000000004
2394,19.588,0.422,0.35600000000000004
2395,19.588,0.422,0.35600000000000004
2396,19.629,0.422,0.35600000000000004
2397,19.629,0.422,0.35600000000000004
2398,19.629,0.426,0.36
2399,19.629,0.426,0.36
2400,19.67,0.429,0.364
2401,19.67,0.429,0.364
2402,19.67,0.43,0.366
2403,19.67,0.43,0.366
2404,19.67,0.433,0.37
2405,19.67,0.433,0.37
2406,19.71,0.435,0.3720000000000001
2407,19.71,0.435,0.3720000000000001
2408,19.71,0.4370000000000001,0.376
2409,19.71,0.4370000000000001,0.376
2410,19.749,0.439,0.379
2411,19.749,0.439,0.379
2412,19.749,0.441,0.382
2413,19.749,0.441,0.382
2414,19.789,0.441,0.382
2415,19.789,0.441,0.382
2416,19.789,0.444,0.385
2417,19.789,0.444,0.385
2418,19.789,0.446,0.388
2419,19.789,0.446,0.388
2420,19.83,0.448,0.391
2421,19.83,0.448,0.391
2422,19.83,0.451,0.394
2423,19.83,0.451,0.394
2424,19.87,0.451,0.394
2425,19.87,0.451,0.394
2426,19.87,0.453,0.398
2427,19.87,0.453,0.398
2428,19.87,0.456,0.4
2429,19.87,0.456,0.4
2430,19.911,0.458,0.403
2431,19.911,0.458,0.403
2432,19.911,0.461,0.406
2433,19.911,0.461,0.406
2434,19.951,0.461,0.406
2435,19.951,0.461,0.406
2436,19.951,0.464,0.409
2437,19.951,0.464,0.409
2438,19.951,0.467,0.412
2439,19.951,0.467,0.412
2440,19.992,0.47,0.414
2441,19.992,0.47,0.414
2442,19.992,0.47,0.414
2443,19.992,0.47,0.414
2444,20.032,0.473,0.417
2445,20.032,0.473,0.417
2446,20.032,0.475,0.419
2447,20.032,0.475,0.419
2448,20.072,0.478,0.42
2449,20.072,0.478,0.42
2450,20.072,0.478,0.42
2451,20.072,0.478,0.42
2452,20.072,0.478,0.42
2453,20.072,0.478,0.42
2454,20.112,0.48,0.422
2455,20.112,0.48,0.422
2456,20.112,0.483,0.423
2457,20.112,0.483,0.423
2458,20.152,0.485,0.425
2459,20.152,0.485,0.425
2460,20.152,0.485,0.425
2461,20.152,0.485,0.425
2462,20.152,0.487,0.426
2463,20.195,0.489,0.4270000000000001
2464,20.152,0.487,0.426
2465,20.195,0.489,0.4270000000000001
2466,20.195,0.491,0.428
2467,20.195,0.491,0.428
2468,20.236,0.494,0.429
2469,20.236,0.494,0.429
2470,20.236,0.494,0.429
2471,20.236,0.494,0.429
2472,20.236,0.495,0.43
2473,20.236,0.495,0.43
2474,20.276,0.4970000000000001,0.43
2475,20.276,0.4970000000000001,0.43
2476,20.276,0.499,0.431
2477,20.276,0.499,0.431
2478,20.316,0.501,0.4320000000000001
2479,20.316,0.501,0.4320000000000001
2480,20.316,0.501,0.4320000000000001
2481,20.316,0.501,0.4320000000000001
2482,20.357,0.502,0.433
2483,20.357,0.502,0.433
2484,20.357,0.503,0.434
2485,20.357,0.503,0.434
2486,20.357,0.504,0.434
2487,20.357,0.504,0.434
2488,20.397,0.505,0.435
2489,20.397,0.505,0.435
2490,20.397,0.505,0.435
2491,20.397,0.505,0.435
2492,20.438,0.506,0.436
2493,20.438,0.506,0.436
2494,20.438,0.506,0.4370000000000001
2495,20.438,0.506,0.4370000000000001
2496,20.438,0.505,0.4370000000000001
2497,20.438,0.505,0.4370000000000001
2498,20.479,0.505,0.4370000000000001
2499,20.479,0.505,0.4370000000000001
2500,20.479,0.505,0.438
2501,20.479,0.505,0.438
2502,20.52,0.504,0.439
2503,20.52,0.504,0.439
2504,20.52,0.502,0.44
2505,20.52,0.502,0.44
2506,20.52,0.502,0.44
2507,20.52,0.502,0.44
2508,20.56,0.502,0.44
2509,20.56,0.502,0.44
2510,20.56,0.5,0.44
2511,20.56,0.5,0.44
2512,20.601,0.499,0.442
2513,20.601,0.499,0.442
2514,20.601,0.4970000000000001,0.443
2515,20.601,0.4970000000000001,0.443
2516,20.601,0.4970000000000001,0.443
2517,20.601,0.4970000000000001,0.443
2518,20.642,0.495,0.443
2519,20.642,0.495,0.443
2520,20.642,0.4920000000000001,0.444
2521,20.642,0.4920000000000001,0.444
2522,20.682,0.49,0.445
2523,20.682,0.49,0.445
2524,20.682,0.488,0.445
2525,20.682,0.488,0.445
2526,20.723000000000006,0.488,0.445
2527,20.723000000000006,0.488,0.445
2528,20.723000000000006,0.485,0.445
2529,20.723000000000006,0.485,0.445
2530,20.723000000000006,0.484,0.446
2531,20.723000000000006,0.484,0.446
2532,20.764,0.482,0.446
2533,20.764,0.482,0.446
2534,20.764,0.481,0.445
2535,20.764,0.481,0.445
2536,20.805,0.481,0.445
2537,20.805,0.481,0.445
2538,20.805,0.479,0.445
2539,20.805,0.479,0.445
2540,20.805,0.479,0.445
2541,20.805,0.479,0.445
2542,20.846,0.478,0.444
2543,20.846,0.478,0.444
2544,20.846,0.478,0.443
2545,20.846,0.478,0.443
2546,20.886,0.478,0.443
2547,20.886,0.478,0.443
2548,20.886,0.478,0.444
2549,20.886,0.478,0.444
2550,20.886,0.477,0.443
2551,20.886,0.477,0.443
2552,20.926,0.477,0.443
2553,20.926,0.477,0.443
2554,20.926,0.477,0.443
2555,20.926,0.477,0.443
2556,20.967,0.477,0.443
2557,20.967,0.477,0.443
2558,20.967,0.477,0.442
2559,20.967,0.477,0.442
2560,21.007,0.477,0.442
2561,21.007,0.477,0.442
2562,21.007,0.477,0.442
2563,21.007,0.477,0.442
2564,21.007,0.477,0.441
2565,21.007,0.477,0.441
2566,21.047,0.477,0.44
2567,21.047,0.477,0.44
2568,21.047,0.476,0.44
2569,21.047,0.476,0.44
2570,21.088,0.476,0.438
2571,21.088,0.476,0.438
2572,21.088,0.476,0.438
2573,21.088,0.476,0.438
2574,21.088,0.476,0.4370000000000001
2575,21.088,0.476,0.4370000000000001
2576,21.129,0.476,0.436
2577,21.129,0.476,0.436
2578,21.129,0.476,0.435
2579,21.129,0.476,0.435
2580,21.169,0.477,0.433
2581,21.169,0.477,0.433
2582,21.169,0.477,0.433
2583,21.169,0.477,0.433
2584,21.169,0.478,0.4320000000000001
2585,21.169,0.478,0.4320000000000001
2586,21.209,0.479,0.431
2587,21.209,0.479,0.431
2588,21.209,0.48,0.43
2589,21.209,0.48,0.43
2590,21.249,0.481,0.429
2591,21.249,0.481,0.429
2592,21.249,0.481,0.429
2593,21.249,0.481,0.429
2594,21.29,0.483,0.4270000000000001
2595,21.29,0.483,0.4270000000000001
2596,21.29,0.484,0.4270000000000001
2597,21.29,0.484,0.4270000000000001
2598,21.29,0.486,0.426
2599,21.29,0.486,0.426
2600,21.33,0.486,0.426
2601,21.33,0.487,0.424
2602,21.33,0.486,0.426
2603,21.33,0.487,0.424
2604,21.37,0.49,0.423
2605,21.37,0.4920000000000001,0.422
2606,21.37,0.49,0.423
2607,21.37,0.4920000000000001,0.422
2608,21.37,0.494,0.421
2609,21.37,0.494,0.421
2610,21.411,0.494,0.421
2611,21.411,0.494,0.421
2612,21.411,0.4970000000000001,0.42
2613,21.411,0.4970000000000001,0.42
2614,21.451,0.5,0.419
2615,21.451,0.5,0.419
2616,21.451,0.5,0.419
2617,21.451,0.5,0.419
2618,21.491,0.502,0.418
2619,21.491,0.502,0.418
2620,21.491,0.502,0.418
2621,21.491,0.502,0.418
2622,21.491,0.505,0.418
2623,21.491,0.505,0.418
2624,21.531,0.508,0.417
2625,21.531,0.508,0.417
2626,21.531,0.51,0.416
2627,21.531,0.51,0.416
2628,21.572,0.51,0.416
2629,21.572,0.51,0.416
2630,21.572,0.513,0.417
2631,21.572,0.513,0.417
2632,21.572,0.514,0.417
2633,21.572,0.514,0.417
2634,21.611,0.516,0.417
2635,21.611,0.516,0.417
2636,21.611,0.518,0.417
2637,21.611,0.518,0.417
2638,21.651,0.518,0.417
2639,21.651,0.518,0.417
2640,21.651,0.519,0.417
2641,21.651,0.519,0.417
2642,21.691,0.52,0.417
2643,21.691,0.52,0.417
2644,21.691,0.52,0.417
2645,21.691,0.52,0.417
2646,21.691,0.521,0.417
2647,21.691,0.521,0.417
2648,21.732,0.521,0.417
2649,21.732,0.521,0.417
2650,21.732,0.521,0.417
2651,21.732,0.521,0.417
2652,21.773000000000003,0.521,0.417
2653,21.773000000000003,0.521,0.417
2654,21.773000000000003,0.522,0.417
2655,21.773000000000003,0.522,0.417
2656,21.773000000000003,0.522,0.417
2657,21.773000000000003,0.522,0.417
2658,21.814,0.522,0.417
2659,21.814,0.522,0.417
2660,21.814,0.522,0.417
2661,21.814,0.522,0.417
2662,21.854,0.522,0.417
2663,21.854,0.522,0.417
2664,21.854,0.522,0.417
2665,21.854,0.522,0.417
2666,21.854,0.522,0.417
2667,21.854,0.522,0.417
2668,21.895,0.522,0.417
2669,21.895,0.522,0.417
2670,21.895,0.523,0.417
2671,21.895,0.523,0.417
2672,21.937,0.522,0.417
2673,21.937,0.522,0.417
2674,21.937,0.522,0.418
2675,21.937,0.522,0.418
2676,21.937,0.522,0.418
2677,21.937,0.522,0.418
2678,21.977,0.522,0.418
2679,21.977,0.522,0.418
2680,21.977,0.522,0.419
2681,21.977,0.522,0.419
2682,22.017,0.521,0.419
2683,22.017,0.521,0.419
2684,22.017,0.521,0.42
2685,22.017,0.521,0.42
2686,22.057,0.52,0.421
2687,22.057,0.52,0.421
2688,22.057,0.519,0.421
2689,22.057,0.519,0.421
2690,22.057,0.518,0.422
2691,22.057,0.518,0.422
2692,22.096,0.517,0.423
2693,22.096,0.517,0.423
2694,22.096,0.517,0.423
2695,22.096,0.517,0.423
2696,22.137,0.516,0.423
2697,22.137,0.516,0.423
2698,22.137,0.514,0.424
2699,22.137,0.514,0.424
2700,22.137,0.513,0.425
2701,22.137,0.513,0.425
2702,22.178,0.512,0.425
2703,22.178,0.512,0.425
2704,22.178,0.512,0.425
2705,22.178,0.512,0.425
2706,22.219,0.511,0.426
2707,22.219,0.511,0.426
2708,22.219,0.51,0.4270000000000001
2709,22.219,0.51,0.4270000000000001
2710,22.219,0.508,0.4270000000000001
2711,22.219,0.508,0.4270000000000001
2712,22.26,0.506,0.4270000000000001
2713,22.26,0.506,0.4270000000000001
2714,22.26,0.506,0.4270000000000001
2715,22.26,0.506,0.4270000000000001
2716,22.3,0.504,0.4270000000000001
2717,22.3,0.504,0.4270000000000001
2718,22.3,0.502,0.428
2719,22.3,0.502,0.428
2720,22.34,0.5,0.429
2721,22.34,0.5,0.429
2722,22.34,0.5,0.429
2723,22.34,0.5,0.429
2724,22.34,0.4970000000000001,0.429
2725,22.34,0.4970000000000001,0.429
2726,22.38,0.495,0.43
2727,22.38,0.495,0.43
2728,22.38,0.493,0.43
2729,22.38,0.493,0.43
2730,22.42,0.493,0.43
2731,22.42,0.493,0.43
2732,22.42,0.493,0.43
2733,22.42,0.493,0.43
2734,22.42,0.491,0.431
2735,22.42,0.491,0.431
2736,22.459,0.489,0.4320000000000001
2737,22.459,0.489,0.4320000000000001
2738,22.459,0.487,0.4320000000000001
2739,22.459,0.487,0.4320000000000001
2740,22.5,0.487,0.4320000000000001
2741,22.5,0.487,0.4320000000000001
2742,22.5,0.484,0.433
2743,22.5,0.484,0.433
2744,22.541,0.482,0.434
2745,22.541,0.482,0.434
2746,22.541,0.48,0.434
2747,22.541,0.48,0.434
2748,22.541,0.478,0.435
2749,22.541,0.478,0.435
2750,22.581,0.478,0.435
2751,22.581,0.478,0.435
2752,22.581,0.475,0.435
2753,22.581,0.475,0.435
2754,22.622,0.473,0.436
2755,22.622,0.473,0.436
2756,22.622,0.471,0.436
2757,22.622,0.471,0.436
2758,22.622,0.469,0.4370000000000001
2759,22.622,0.469,0.4370000000000001
2760,22.663,0.469,0.4370000000000001
2761,22.663,0.469,0.4370000000000001
2762,22.663,0.466,0.4370000000000001
2763,22.703000000000007,0.464,0.438
2764,22.663,0.466,0.4370000000000001
2765,22.703000000000007,0.464,0.438
2766,22.703000000000007,0.464,0.438
2767,22.703000000000007,0.464,0.438
2768,22.703000000000007,0.462,0.438
2769,22.703000000000007,0.462,0.438
2770,22.745,0.462,0.438
2771,22.745,0.462,0.438
2772,22.745,0.458,0.439
2773,22.745,0.458,0.439
2774,22.786,0.456,0.44
2775,22.786,0.456,0.44
2776,22.786,0.454,0.441
2777,22.786,0.454,0.441
2778,22.786,0.454,0.441
2779,22.786,0.454,0.441
2780,22.825,0.453,0.441
2781,22.825,0.451,0.442
2782,22.825,0.451,0.442
2783,22.825,0.453,0.441
2784,22.866,0.449,0.443
2785,22.866,0.449,0.443
2786,22.866,0.448,0.444
2787,22.866,0.448,0.444
2788,22.866,0.448,0.444
2789,22.866,0.448,0.444
2790,22.907,0.448,0.443
2791,22.907,0.448,0.443
2792,22.907,0.448,0.444
2793,22.907,0.448,0.444
2794,22.947,0.447,0.444
2795,22.947,0.447,0.444
2796,22.947,0.447,0.445
2797,22.947,0.447,0.445
2798,22.988000000000003,0.447,0.445
2799,22.988000000000003,0.447,0.445
2800,22.988000000000003,0.447,0.445
2801,22.988000000000003,0.447,0.445
2802,22.988000000000003,0.447,0.445
2803,22.988000000000003,0.447,0.445
2804,23.029,0.448,0.446
2805,23.029,0.448,0.446
2806,23.029,0.448,0.446
2807,23.029,0.448,0.446
2808,23.069000000000006,0.448,0.447
2809,23.069000000000006,0.448,0.447
2810,23.069000000000006,0.448,0.447
2811,23.069000000000006,0.448,0.447
2812,23.069000000000006,0.447,0.447
2813,23.069000000000006,0.447,0.447
2814,23.11,0.446,0.448
2815,23.11,0.446,0.448
2816,23.11,0.445,0.448
2817,23.11,0.445,0.448
2818,23.151,0.442,0.448
2819,23.151,0.442,0.448
2820,23.151,0.44,0.449
2821,23.151,0.44,0.449
2822,23.151,0.436,0.449
2823,23.151,0.436,0.449
2824,23.191,0.433,0.45
2825,23.191,0.433,0.45
2826,23.191,0.433,0.45
2827,23.191,0.433,0.45
2828,23.231,0.43,0.451
2829,23.231,0.43,0.451
2830,23.231,0.429,0.451
2831,23.231,0.429,0.451
2832,23.271,0.426,0.452
2833,23.271,0.426,0.452
2834,23.271,0.426,0.452
2835,23.271,0.426,0.452
2836,23.271,0.423,0.453
2837,23.313,0.42,0.453
2838,23.271,0.423,0.453
2839,23.313,0.42,0.453
2840,23.313,0.417,0.454
2841,23.313,0.417,0.454
2842,23.354,0.414,0.455
2843,23.354,0.411,0.455
2844,23.354,0.414,0.455
2845,23.354,0.411,0.455
2846,23.354,0.411,0.455
2847,23.354,0.411,0.455
2848,23.395,0.407,0.455
2849,23.395,0.407,0.455
2850,23.395,0.404,0.455
2851,23.395,0.404,0.455
2852,23.437,0.4,0.454
2853,23.437,0.4,0.454
2854,23.437,0.4,0.454
2855,23.437,0.4,0.454
2856,23.437,0.397,0.453
2857,23.437,0.397,0.453
2858,23.477,0.393,0.452
2859,23.477,0.393,0.452
2860,23.477,0.39,0.451
2861,23.477,0.39,0.451
2862,23.517,0.387,0.451
2863,23.517,0.387,0.451
2864,23.517,0.387,0.451
2865,23.517,0.387,0.451
2866,23.517,0.384,0.45
2867,23.517,0.384,0.45
2868,23.557,0.381,0.45
2869,23.557,0.381,0.45
2870,23.557,0.379,0.45
2871,23.557,0.379,0.45
2872,23.597,0.377,0.449
2873,23.597,0.377,0.449
2874,23.597,0.377,0.449
2875,23.597,0.377,0.449
2876,23.637,0.377,0.449
2877,23.637,0.375,0.449
2878,23.637,0.377,0.449
2879,23.637,0.375,0.449
2880,23.637,0.374,0.448
2881,23.637,0.374,0.448
2882,23.677,0.3720000000000001,0.448
2883,23.677,0.3720000000000001,0.448
2884,23.677,0.371,0.447
2885,23.677,0.371,0.447
2886,23.718000000000004,0.37,0.447
2887,23.718000000000004,0.37,0.447
2888,23.718000000000004,0.37,0.447
2889,23.718000000000004,0.37,0.447
2890,23.718000000000004,0.369,0.446
2891,23.718000000000004,0.369,0.446
2892,23.758000000000006,0.368,0.445
2893,23.758000000000006,0.368,0.445
2894,23.758000000000006,0.3670000000000001,0.445
2895,23.758000000000006,0.3670000000000001,0.445
2896,23.798,0.3670000000000001,0.445
2897,23.798,0.3670000000000001,0.445
2898,23.798,0.366,0.444
2899,23.798,0.366,0.444
2900,23.838,0.366,0.443
2901,23.838,0.366,0.443
2902,23.838,0.366,0.444
2903,23.838,0.366,0.444
2904,23.838,0.3670000000000001,0.443
2905,23.838,0.3670000000000001,0.443
2906,23.879,0.3670000000000001,0.443
2907,23.879,0.3670000000000001,0.443
2908,23.879,0.369,0.443
2909,23.879,0.369,0.443
2910,23.919,0.3720000000000001,0.442
2911,23.919,0.3720000000000001,0.442
2912,23.919,0.374,0.442
2913,23.919,0.374,0.442
2914,23.919,0.378,0.442
2915,23.919,0.378,0.442
2916,23.959,0.378,0.442
2917,23.959,0.378,0.442
2918,23.959,0.383,0.441
2919,23.959,0.383,0.441
2920,24.0,0.389,0.441
2921,24.0,0.389,0.441
2922,24.0,0.394,0.441
2923,24.0,0.394,0.441
2924,24.0,0.399,0.441
2925,24.0,0.399,0.441
2926,24.04,0.405,0.442
2927,24.04,0.405,0.442
2928,24.04,0.405,0.442
2929,24.081,0.41,0.442
2930,24.04,0.405,0.442
2931,24.081,0.41,0.442
2932,24.081,0.415,0.442
2933,24.081,0.415,0.442
2934,24.121,0.42,0.442
2935,24.121,0.42,0.442
2936,24.121,0.425,0.442
2937,24.121,0.425,0.442
2938,24.121,0.425,0.442
2939,24.121,0.425,0.442
2940,24.16,0.43,0.442
2941,24.16,0.43,0.442
2942,24.16,0.434,0.442
2943,24.16,0.434,0.442
2944,24.202,0.4370000000000001,0.443
2945,24.202,0.4370000000000001,0.443
2946,24.202,0.4370000000000001,0.443
2947,24.202,0.4370000000000001,0.443
2948,24.202,0.44,0.443
2949,24.202,0.44,0.443
2950,24.243,0.443,0.443
2951,24.243,0.443,0.443
2952,24.243,0.445,0.444
2953,24.243,0.445,0.444
2954,24.284,0.444,0.444
2955,24.284,0.444,0.444
2956,24.284,0.444,0.444
2957,24.284,0.444,0.444
2958,24.284,0.446,0.445
2959,24.284,0.446,0.445
2960,24.325,0.448,0.445
2961,24.325,0.448,0.445
2962,24.325,0.449,0.445
2963,24.325,0.449,0.445
2964,24.365,0.45,0.446
2965,24.365,0.45,0.446
2966,24.365,0.451,0.446
2967,24.365,0.451,0.446
2968,24.406,0.451,0.446
2969,24.406,0.451,0.446
2970,24.406,0.451,0.446
2971,24.406,0.451,0.446
2972,24.406,0.452,0.445
2973,24.406,0.452,0.445
2974,24.447,0.452,0.445
2975,24.447,0.452,0.445
2976,24.447,0.452,0.445
2977,24.447,0.452,0.445
2978,24.488000000000003,0.452,0.445
2979,24.488000000000003,0.452,0.445
2980,24.488000000000003,0.452,0.444
2981,24.488000000000003,0.452,0.444
2982,24.488000000000003,0.453,0.444
2983,24.488000000000003,0.453,0.444
2984,24.529,0.453,0.444
2985,24.529,0.453,0.444
2986,24.529,0.454,0.443
2987,24.529,0.454,0.443
2988,24.568,0.454,0.443
2989,24.568,0.454,0.443
2990,24.568,0.455,0.443
2991,24.568,0.455,0.443
2992,24.568,0.455,0.443
2993,24.568,0.455,0.443
2994,24.608,0.456,0.443
2995,24.608,0.456,0.443
2996,24.608,0.457,0.442
2997,24.608,0.457,0.442
2998,24.648000000000003,0.458,0.442
2999,24.648000000000003,0.458,0.442
3000,24.648000000000003,0.458,0.442
3001,24.648000000000003,0.458,0.442
3002,24.688,0.459,0.442
3003,24.688,0.459,0.442
3004,24.688,0.461,0.441
3005,24.688,0.461,0.441
3006,24.688,0.462,0.441
3007,24.688,0.462,0.441
3008,24.729,0.463,0.441
3009,24.729,0.463,0.441
3010,24.729,0.463,0.441
3011,24.729,0.463,0.441
3012,24.769,0.464,0.441
3013,24.769,0.464,0.441
3014,24.769,0.466,0.44
3015,24.769,0.466,0.44
3016,24.769,0.467,0.44
3017,24.769,0.467,0.44
3018,24.809,0.467,0.44
3019,24.809,0.467,0.44
3020,24.809,0.467,0.44
3021,24.809,0.467,0.44
3022,24.851,0.469,0.44
3023,24.851,0.469,0.44
3024,24.851,0.47,0.44
3025,24.851,0.47,0.44
3026,24.851,0.472,0.44
3027,24.851,0.472,0.44
3028,24.892,0.473,0.44
3029,24.892,0.473,0.44
3030,24.892,0.474,0.44
3031,24.892,0.474,0.44
3032,24.932,0.475,0.439
3033,24.932,0.475,0.439
3034,24.941,0.476,0.439
3035,24.941,0.476,0.439
3036,24.971,0.477,0.439
3037,24.971,0.477,0.439
3038,24.971,0.477,0.438
3039,24.971,0.477,0.438
3040,0.0,0.478,0.439
3041,25.0,0.478,0.439
